uk,geo_name,geo_network,province_tr,district_tr,erdogan,kilicdaroglu
relation_1249246,Aladag,TR01-districts,Adana,Aladağ,6996,3900
relation_1249250,Ceyhan,TR01-districts,Adana,Ceyhan,44646,49595
relation_1249253,Cukurova,TR01-districts,Adana,Çukurova,82626,166526
relation_1249248,Feke,TR01-districts,Adana,Feke,7322,3306
relation_1249260,Imamoglu,TR01-districts,Adana,İmamoğlu,11732,5638
relation_1249251,Karaisali,TR01-districts,Adana,Karaisalı,11421,3984
relation_1249254,Karatas,TR01-districts,Adana,Karataş,5634,9223
relation_1249252,Kozan,TR01-districts,Adana,Kozan,51661,29628
relation_1249256,Pozanti,TR01-districts,Adana,Pozantı,8095,4959
relation_1249249,Saimbeyli,TR01-districts,Adana,Saimbeyli,6684,1910
relation_1249247,Saricam,TR01-districts,Adana,Sarıçam,74916,50340
relation_1249257,Seyhan,TR01-districts,Adana,Seyhan,184122,282618
relation_1249258,Tufanbeyli,TR01-districts,Adana,Tufanbeyli,6998,3868
relation_1249259,Yumurtalik,TR01-districts,Adana,Yumurtalık,6499,5462
relation_1249255,Yuregir,TR01-districts,Adana,Yüreğir,111651,109317
relation_1825239,Besni,TR02-districts,Adıyaman,Besni,25866,13830
relation_1825796,Celikhan,TR02-districts,Adıyaman,Çelikhan,5692,3266
relation_1807479,Gerger,TR02-districts,Adıyaman,Gerger,7013,1037
relation_1389197,Golbasi,TR02-districts,Adıyaman,Gölbaşı,16446,9846
relation_1825793,Kahta,TR02-districts,Adıyaman,Kahta,55893,12743
relation_1825792,Adiyaman merkez,TR02-districts,Adıyaman,Merkez,88904,54532
relation_1825794,Samsat,TR02-districts,Adıyaman,Samsat,3577,395
relation_1825795,Sincik,TR02-districts,Adıyaman,Sincik,9353,534
relation_1825241,Tut,TR02-districts,Adıyaman,Tut,3747,1799
relation_1263748,Basmakci,TR03-districts,Afyonkarahisar,Başmakçı,4023,2529
relation_1263745,Bayat,TR03-districts,Afyonkarahisar,Bayat,3292,1520
relation_1263749,Bolvadin,TR03-districts,Afyonkarahisar,Bolvadin,20466,6670
relation_1263743,Cay,TR03-districts,Afyonkarahisar,Çay,12059,7472
relation_1263747,Cobanlar,TR03-districts,Afyonkarahisar,Çobanlar,5855,2582
relation_1263751,Dazkiri,TR03-districts,Afyonkarahisar,Dazkırı,4899,2910
relation_1263741,Dinar,TR03-districts,Afyonkarahisar,Dinar,17721,11924
relation_1263757,Emirdag,TR03-districts,Afyonkarahisar,Emirdağ,13786,8174
relation_1263746,Evciler,TR03-districts,Afyonkarahisar,Evciler,2920,1949
relation_1263744,Hocalar,TR03-districts,Afyonkarahisar,Hocalar,4655,1212
relation_1263742,Ihsaniye,TR03-districts,Afyonkarahisar,İhsaniye,14599,3521
relation_1263752,Iscehisar,TR03-districts,Afyonkarahisar,İscehisar,12633,3261
relation_1824754,Kiziloren,TR03-districts,Afyonkarahisar,Kızılören,937,580
relation_1263753,Afyonkarahisar merkez,TR03-districts,Afyonkarahisar,Merkez,129720,63843
relation_1263755,Sandikli,TR03-districts,Afyonkarahisar,Sandıklı,24520,10247
relation_1263756,Sinanpasa,TR03-districts,Afyonkarahisar,Sinanpaşa,19235,6294
relation_1263754,Suhut,TR03-districts,Afyonkarahisar,Şuhut,17410,6855
relation_1263750,Sultandagi,TR03-districts,Afyonkarahisar,Sultandağı,3722,6593
relation_1837705,Diyadin,TR04-districts,Ağrı,Diyadin,3505,10122
relation_1837706,Dogubayazit,TR04-districts,Ağrı,Doğubayazıt,8357,38590
relation_1780207,Eleskirt,TR04-districts,Ağrı,Eleşkirt,7777,4676
relation_1837707,Hamur,TR04-districts,Ağrı,Hamur,2456,3331
relation_1837704,Agri merkez,TR04-districts,Ağrı,Merkez,29163,33626
relation_1780615,Patnos,TR04-districts,Ağrı,Patnos,10510,27585
relation_1837708,Taslicay,TR04-districts,Ağrı,Taşlıçay,2397,5292
relation_1780622,Tutak,TR04-districts,Ağrı,Tutak,4625,6471
relation_1717634,Agacoren,TR68-districts,Aksaray,Ağaçören,4027,872
relation_1714007,Eskil,TR68-districts,Aksaray,Eskil,13407,3264
relation_1717635,Gulagac,TR68-districts,Aksaray,Gülağaç,7474,3133
relation_1717636,Guzelyurt,TR68-districts,Aksaray,Güzelyurt,5037,1568
relation_1717633,Aksaray merkez,TR68-districts,Aksaray,Merkez,134052,45024
relation_1246396,Ortakoy,TR68-districts,Aksaray,Ortaköy,14647,4061
relation_1713915,Sariyahsi,TR68-districts,Aksaray,Sarıyahşi,1834,710
relation_8100757,Sultanhani,TR68-districts,Aksaray,Sultanhanı,5147,1979
relation_1837142,Goynucek,TR05-districts,Amasya,Göynücek,4877,2262
relation_1724394,Gumushacikoy,TR05-districts,Amasya,Gümüşhacıköy,7255,9374
relation_1724395,Hamamozu,TR05-districts,Amasya,Hamamözü,1790,848
relation_1837141,Amasya merkez,TR05-districts,Amasya,Merkez,55256,39875
relation_1837143,Merzifon,TR05-districts,Amasya,Merzifon,26842,25005
relation_1837144,Suluova,TR05-districts,Amasya,Suluova,23830,8189
relation_1837145,Tasova,TR05-districts,Amasya,Taşova,14578,7258
relation_1667099,Akyurt,TR06-districts,Ankara,Akyurt,20301,6296
relation_1812317,Altindag,TR06-districts,Ankara,Altındağ,158521,92279
relation_1710801,Ayas,TR06-districts,Ankara,Ayaş,5262,3672
relation_1809594,Bala,TR06-districts,Ankara,Bala,8933,4725
relation_1738278,Beypazari,TR06-districts,Ankara,Beypazarı,19554,12532
relation_1811108,Camlidere,TR06-districts,Ankara,Çamlıdere,5094,1232
relation_1812321,Cankaya,TR06-districts,Ankara,Çankaya,139421,498771
relation_1667201,Cubuk,TR06-districts,Ankara,Çubuk,45514,14974
relation_1809674,Elmadag,TR06-districts,Ankara,Elmadağ,15493,14935
relation_1812354,Etimesgut,TR06-districts,Ankara,Etimesgut,175769,230342
relation_1713914,Evren,TR06-districts,Ankara,Evren,1282,666
relation_1809464,Golbasi,TR06-districts,Ankara,Gölbaşı,46811,45958
relation_1739269,Gudul,TR06-districts,Ankara,Güdül,4204,1920
relation_1810229,Haymana,TR06-districts,Ankara,Haymana,10914,5473
relation_1812355,Kahramankazan,TR06-districts,Ankara,Kahramankazan,24996,12157
relation_1811252,Kalecik,TR06-districts,Ankara,Kalecik,6193,2870
relation_1811393,Kecioren,TR06-districts,Ankara,Keçiören,332145,263761
relation_1811128,Kizilcahamam,TR06-districts,Ankara,Kızılcahamam,13970,5669
relation_1812319,Mamak,TR06-districts,Ankara,Mamak,216247,218254
relation_1738279,Nallihan,TR06-districts,Ankara,Nallıhan,10891,7791
relation_1799855,Polatli,TR06-districts,Ankara,Polatlı,43667,35329
relation_1811454,Pursaklar,TR06-districts,Ankara,Pursaklar,74551,26287
relation_1713916,Sereflikochisar,TR06-districts,Ankara,Şereflikoçhisar,11811,8127
relation_1811046,Sincan,TR06-districts,Ankara,Sincan,230875,124588
relation_1812356,Yenimahalle,TR06-districts,Ankara,Yenimahalle,195377,271141
relation_1726997,Akseki,TR07-districts,Antalya,Akseki,4423,3079
relation_1727534,Aksu,TR07-districts,Antalya,Aksu,23020,24114
relation_1726977,Alanya,TR07-districts,Antalya,Alanya,90474,100811
relation_1727262,Demre,TR07-districts,Antalya,Demre,9477,9235
relation_1727454,Dosemealti,TR07-districts,Antalya,Döşemealtı,23567,25905
relation_1727263,Elmali,TR07-districts,Antalya,Elmalı,14612,12542
relation_1727264,Finike,TR07-districts,Antalya,Finike,16197,16174
relation_1443174,Gazipasa,TR07-districts,Antalya,Gazipaşa,15877,20301
relation_1726981,Gundogmus,TR07-districts,Antalya,Gündoğmuş,2880,2217
relation_1726998,Ibradi,TR07-districts,Antalya,İbradı,1048,1073
relation_1727265,Kas,TR07-districts,Antalya,Kaş,18459,22377
relation_1727292,Kemer,TR07-districts,Antalya,Kemer,11921,15681
relation_1727470,Kepez,TR07-districts,Antalya,Kepez,168574,199946
relation_1727384,Konyaalti,TR07-districts,Antalya,Konyaaltı,29945,79955
relation_1727032,Korkuteli,TR07-districts,Antalya,Korkuteli,21815,16429
relation_1727186,Kumluca,TR07-districts,Antalya,Kumluca,25649,23035
relation_1726993,Manavgat,TR07-districts,Antalya,Manavgat,72596,82243
relation_1727535,Muratpasa,TR07-districts,Antalya,Muratpaşa,100757,223977
relation_1727536,Serik,TR07-districts,Antalya,Serik,37884,47613
relation_1649770,Cildir,TR75-districts,Ardahan,Çıldır,2680,2464
relation_1651535,Damal,TR75-districts,Ardahan,Damal,171,3209
relation_1651532,Gole,TR75-districts,Ardahan,Göle,5981,6635
relation_1651533,Hanak,TR75-districts,Ardahan,Hanak,1777,3544
relation_1651536,Ardahan merkez,TR75-districts,Ardahan,Merkez,9130,13397
relation_1651534,Posof,TR75-districts,Ardahan,Posof,2758,1408
relation_1838462,Ardanuc,TR08-districts,Artvin,Ardanuç,3041,4652
relation_1838463,Arhavi,TR08-districts,Artvin,Arhavi,7974,6518
relation_1838465,Borcka,TR08-districts,Artvin,Borçka,9579,5340
relation_1596278,Hopa,TR08-districts,Artvin,Hopa,7019,11453
relation_8101358,Kemalpasa,TR08-districts,Artvin,Kemalpaşa,1994,4421
relation_1838464,Artvin Merkez,TR08-districts,Artvin,Merkez,10601,11482
relation_1838466,Murgul,TR08-districts,Artvin,Murgul,1980,1922
relation_1838467,Savsat,TR08-districts,Artvin,Şavşat,5515,6806
relation_1385155,Yusufeli,TR08-districts,Artvin,Yusufeli,9605,3239
relation_1813255,Bozdogan,TR09-districts,Aydın,Bozdoğan,11317,10936
relation_1246169,Buharkent,TR09-districts,Aydın,Buharkent,3994,4730
relation_1812967,Cine,TR09-districts,Aydın,Çine,16267,18570
relation_1814655,Didim,TR09-districts,Aydın,Didim,16994,45638
relation_1814654,Efeler,TR09-districts,Aydın,Efeler,75483,120615
relation_1812965,Germencik,TR09-districts,Aydın,Germencik,11841,16996
relation_1814657,Incirliova,TR09-districts,Aydın,İncirliova,17213,17884
relation_1701079,Karacasu,TR09-districts,Aydın,Karacasu,5932,6344
relation_1622039,Karpuzlu,TR09-districts,Aydın,Karpuzlu,4744,2861
relation_1812966,Kocarli,TR09-districts,Aydın,Koçarlı,9168,6983
relation_1813052,Kosk,TR09-districts,Aydın,Köşk,12174,6565
relation_1814656,Kusadasi,TR09-districts,Aydın,Kuşadası,22875,60672
relation_1246164,Kuyucak,TR09-districts,Aydın,Kuyucak,8919,9725
relation_1813256,Nazilli,TR09-districts,Aydın,Nazilli,45130,58643
relation_1612669,Soke,TR09-districts,Aydın,Söke,29124,50875
relation_1813257,Sultanhisar,TR09-districts,Aydın,Sultanhisar,6064,7428
relation_1813273,Yenipazar,TR09-districts,Aydın,Yenipazar,4470,4094
relation_1820740,Altieylul,TR10-districts,Balıkesir,Altıeylül,64520,58117
relation_1814983,Ayvalik,TR10-districts,Balıkesir,Ayvalık,14318,37197
relation_1588165,Balya,TR10-districts,Balıkesir,Balya,5144,4712
relation_1820912,Bandirma,TR10-districts,Balıkesir,Bandırma,42095,64723
relation_1820741,Bigadic,TR10-districts,Balıkesir,Bigadiç,20010,12689
relation_1820913,Burhaniye,TR10-districts,Balıkesir,Burhaniye,16573,27570
relation_1820649,Dursunbey,TR10-districts,Balıkesir,Dursunbey,19447,4625
relation_1815033,Edremit,TR10-districts,Balıkesir,Edremit,40469,74495
relation_1814782,Erdek,TR10-districts,Balıkesir,Erdek,7906,15002
relation_1815034,Gomec,TR10-districts,Balıkesir,Gömeç,4245,7549
relation_1820914,Gonen,TR10-districts,Balıkesir,Gönen,27589,25766
relation_1819456,Havran,TR10-districts,Balıkesir,Havran,12640,6410
relation_1815035,Ivrindi,TR10-districts,Balıkesir,İvrindi,15513,7902
relation_3666900,Karesi,TR10-districts,Balıkesir,Karesi,66946,59355
relation_1820708,Kepsut,TR10-districts,Balıkesir,Kepsut,11049,4241
relation_1820787,Manyas,TR10-districts,Balıkesir,Manyas,6121,7172
relation_1814783,Marmara,TR10-districts,Balıkesir,Marmara,3306,4129
relation_1819457,Savastepe,TR10-districts,Balıkesir,Savaştepe,7334,4689
relation_1821207,Sindirgi,TR10-districts,Balıkesir,Sındırgı,14286,10516
relation_1820788,Susurluk,TR10-districts,Balıkesir,Susurluk,13213,13943
relation_1423095,Amasra,TR74-districts,Bartın,Amasra,4683,4842
relation_1423096,Kurucasile,TR74-districts,Bartın,Kurucaşile,2519,1910
relation_1423097,Bartin merkez,TR74-districts,Bartın,Merkez,59617,40853
relation_1423094,Ulus,TR74-districts,Bartın,Ulus,11144,4366
relation_1842146,Besiri,TR72-districts,Batman,Beşiri,5457,9665
relation_1842147,Gercus,TR72-districts,Batman,Gercüş,5355,4573
relation_1361162,Hasankeyf,TR72-districts,Batman,Hasankeyf,1963,1956
relation_1842148,Kozluk,TR72-districts,Batman,Kozluk,10769,18585
relation_1842145,Batman Merkez,TR72-districts,Batman,Merkez,68021,173444
relation_1842149,Sason,TR72-districts,Batman,Sason,8612,5276
relation_1596964,Aydintepe,TR69-districts,Bayburt,Aydıntepe,3277,765
relation_1596963,Demirozu,TR69-districts,Bayburt,Demirözü,4653,593
relation_1596962,Bayburt merkez,TR69-districts,Bayburt,Merkez,31801,7097
relation_1238965,Bozuyuk,TR11-districts,Bilecik,Bozüyük,26537,26788
relation_1238964,Golpazari,TR11-districts,Bilecik,Gölpazarı,3759,2691
relation_1238967,Inhisar,TR11-districts,Bilecik,İnhisar,1003,658
relation_1238969,Bilecik (merkez),TR11-districts,Bilecik,Merkez,25151,23348
relation_1238963,Osmaneli,TR11-districts,Bilecik,Osmaneli,8632,6109
relation_1238968,Pazaryeri,TR11-districts,Bilecik,Pazaryeri,4239,2647
relation_1238966,Sogut,TR11-districts,Bilecik,Söğüt,7482,5057
relation_1238962,Yenipazar,TR11-districts,Bilecik,Yenipazar,1416,759
relation_1836190,Adakli,TR12-districts,Bingöl,Adaklı,2960,1653
relation_1836192,Genc,TR12-districts,Bingöl,Genç,14540,3142
relation_1836193,Karliova,TR12-districts,Bingöl,Karlıova,5248,6228
relation_1836194,Kigi,TR12-districts,Bingöl,Kiğı,1169,1713
relation_1836191,Bingol merkez,TR12-districts,Bingöl,Merkez,56949,26642
relation_1836195,Solhan,TR12-districts,Bingöl,Solhan,13825,3175
relation_1836196,Yayladere,TR12-districts,Bingöl,Yayladere,419,940
relation_1836197,Yedisu,TR12-districts,Bingöl,Yedisu,620,1392
relation_1836395,Adilcevaz,TR13-districts,Bitlis,Adilcevaz,5879,6414
relation_1836396,Ahlat,TR13-districts,Bitlis,Ahlat,9333,10503
relation_1836398,Guroymak,TR13-districts,Bitlis,Güroymak,9165,11498
relation_1668092,Hizan,TR13-districts,Bitlis,Hizan,8463,6455
relation_1836397,Bitlis merkez,TR13-districts,Bitlis,Merkez,17690,16615
relation_1836399,Mutki,TR13-districts,Bitlis,Mutki,10679,2777
relation_1836400,Tatvan,TR13-districts,Bitlis,Tatvan,21015,28664
relation_1795631,Dortdivan,TR14-districts,Bolu,Dörtdivan,4446,485
relation_1795632,Gerede,TR14-districts,Bolu,Gerede,21109,2911
relation_1392574,Goynuk,TR14-districts,Bolu,Göynük,8225,2022
relation_1795633,Kibriscik,TR14-districts,Bolu,Kıbrıscık,1100,1064
relation_1795634,Mengen,TR14-districts,Bolu,Mengen,5749,3613
relation_1795630,Bolu merkez,TR14-districts,Bolu,Merkez,78146,56777
relation_1392573,Mudurnu,TR14-districts,Bolu,Mudurnu,8783,4105
relation_1795635,Seben,TR14-districts,Bolu,Seben,2123,1261
relation_1795636,Yenicaga,TR14-districts,Bolu,Yeniçağa,3989,792
relation_1280041,Aglasun,TR15-districts,Burdur,Ağlasun,3847,1580
relation_1280045,Altinyayla,TR15-districts,Burdur,Altınyayla,2703,864
relation_1280042,Bucak,TR15-districts,Burdur,Bucak,27409,16397
relation_1280050,Cavdir,TR15-districts,Burdur,Çavdır,4858,3434
relation_1280043,Celtikci,TR15-districts,Burdur,Çeltikçi,2494,1205
relation_1280047,Golhisar,TR15-districts,Burdur,Gölhisar,9882,4826
relation_1280051,Karamanli,TR15-districts,Burdur,Karamanlı,2675,3002
relation_1280046,Kemer,TR15-districts,Burdur,Kemer,1515,654
relation_1280048,Burdur (merkez),TR15-districts,Burdur,Merkez,34160,36470
relation_1280049,Tefenni,TR15-districts,Burdur,Tefenni,3752,3295
relation_1280044,Yesilova,TR15-districts,Burdur,Yeşilova,4661,5769
relation_1273944,Buyukorhan,TR16-districts,Bursa,Büyükorhan,5471,1299
relation_1273958,Gemlik,TR16-districts,Bursa,Gemlik,38969,40087
relation_1273957,Gursu,TR16-districts,Bursa,Gürsu,40729,17955
relation_1273945,Harmancik,TR16-districts,Bursa,Harmancık,3183,1333
relation_1273938,Inegol,TR16-districts,Bursa,İnegöl,126035,56236
relation_1273931,Iznik,TR16-districts,Bursa,İznik,17196,14236
relation_1273950,Karacabey,TR16-districts,Bursa,Karacabey,28562,27849
relation_1273941,Keles,TR16-districts,Bursa,Keles,6237,2250
relation_1273939,Kestel,TR16-districts,Bursa,Kestel,28151,19749
relation_1273953,Mudanya,TR16-districts,Bursa,Mudanya,30338,46183
relation_1273947,Mustafakemalpasa,TR16-districts,Bursa,Mustafakemalpaşa,39057,32428
relation_1273952,Nilufer,TR16-districts,Bursa,Nilüfer,129878,210562
relation_1273951,Orhaneli,TR16-districts,Bursa,Orhaneli,9642,4298
relation_1273933,Orhangazi,TR16-districts,Bursa,Orhangazi,29003,25691
relation_1273954,Osmangazi,TR16-districts,Bursa,Osmangazi,320552,250817
relation_1273936,Yenisehir,TR16-districts,Bursa,Yenişehir,20934,16599
relation_1273955,Yildirim,TR16-districts,Bursa,Yıldırım,244574,160203
relation_1815261,Ayvacik,TR17-districts,Çanakkale,Ayvacık,10919,13779
relation_1816956,Bayramic,TR17-districts,Çanakkale,Bayramiç,9386,12071
relation_1593709,Biga,TR17-districts,Çanakkale,Biga,34780,29431
relation_1815262,Bozcaada,,Çanakkale,Bozcaada,538,1736
relation_1816958,Can,TR17-districts,Çanakkale,Çan,17902,16693
relation_1815219,Eceabat,TR17-districts,Çanakkale,Eceabat,1671,4842
relation_1816957,Ezine,TR17-districts,Çanakkale,Ezine,9746,12293
relation_1815220,Gelibolu,TR17-districts,Çanakkale,Gelibolu,10511,19296
relation_1815263,Gokceada,,Çanakkale,Gökçeada,2470,3776
relation_1815245,Lapseki,TR17-districts,Çanakkale,Lapseki,11080,9910
relation_1816280,Canakkale merkez,TR17-districts,Çanakkale,Merkez,37310,90428
relation_1589927,Yenice,TR17-districts,Çanakkale,Yenice,14423,8499
relation_1647150,Atkaracalar,TR18-districts,Çankırı,Atkaracalar,2212,516
relation_1647148,Bayramoren,TR18-districts,Çankırı,Bayramören,1558,261
relation_1647157,Cerkes,TR18-districts,Çankırı,Çerkeş,7567,2999
relation_1647153,Eldivan,TR18-districts,Çankırı,Eldivan,3365,1015
relation_1647151,Ilgaz,TR18-districts,Çankırı,Ilgaz,7573,2005
relation_1647156,Kizilirmak,TR18-districts,Çankırı,Kızılırmak,4376,711
relation_1647147,Korgun,TR18-districts,Çankırı,Korgun,2495,370
relation_1647155,Kursunlu,TR18-districts,Çankırı,Kurşunlu,4612,1254
relation_1647154,Cankiri merkez,TR18-districts,Çankırı,Merkez,40550,15300
relation_1647152,Orta,TR18-districts,Çankırı,Orta,7619,759
relation_1647158,Sabanozu,TR18-districts,Çankırı,Şabanözü,5718,2320
relation_1647149,Yaprakli,TR18-districts,Çankırı,Yapraklı,4948,530
relation_1331281,Alaca,TR19-districts,Çorum,Alaca,14157,5904
relation_1331277,Bayat,TR19-districts,Çorum,Bayat,8048,1967
relation_1331282,Bogazkale,TR19-districts,Çorum,Boğazkale,2160,490
relation_1330571,Dodurga,TR19-districts,Çorum,Dodurga,2376,1571
relation_1331274,Iskilip,TR19-districts,Çorum,İskilip,16306,4071
relation_1331194,Kargi,TR19-districts,Çorum,Kargı,8463,2963
relation_1331275,Lacin,TR19-districts,Çorum,Laçin,2243,839
relation_1331283,Mecitozu,TR19-districts,Çorum,Mecitözü,6176,4505
relation_1331279,Corum merkez,TR19-districts,Çorum,Merkez,112747,79513
relation_1331280,Oguzlar,TR19-districts,Çorum,Oğuzlar,2656,1102
relation_1331276,Ortakoy,TR19-districts,Çorum,Ortaköy,2619,1914
relation_1331195,Osmancik,TR19-districts,Çorum,Osmancık,20743,8500
relation_1331278,Sungurlu,TR19-districts,Çorum,Sungurlu,23221,8572
relation_1331284,Ugurludag,TR19-districts,Çorum,Uğurludağ,3668,753
relation_1605790,Acipayam,TR20-districts,Denizli,Acıpayam,21908,16131
relation_1606200,Babadag,TR20-districts,Denizli,Babadağ,2397,1965
relation_1606207,Baklan,TR20-districts,Denizli,Baklan,2028,1870
relation_1606203,Bekilli,TR20-districts,Denizli,Bekilli,1924,2869
relation_1606209,Beyagac,TR20-districts,Denizli,Beyağaç,2504,1969
relation_1606199,Bozkurt,TR20-districts,Denizli,Bozkurt,3387,4056
relation_1606204,Buldan,TR20-districts,Denizli,Buldan,8471,9679
relation_1606205,Cal,TR20-districts,Denizli,Çal,5721,7315
relation_1605791,Cameli,TR20-districts,Denizli,Çameli,8950,3634
relation_1606202,Cardak,TR20-districts,Denizli,Çardak,2707,3171
relation_1606210,Civril,TR20-districts,Denizli,Çivril,19758,19341
relation_1606208,Guney,TR20-districts,Denizli,Güney,3227,3735
relation_1606206,Honaz,TR20-districts,Denizli,Honaz,9438,10638
relation_1607200,Kale,TR20-districts,Denizli,Kale,8030,4835
relation_1606211,Merkezefendi,TR20-districts,Denizli,Merkezefendi,93810,127438
relation_1606201,Pamukkale,TR20-districts,Denizli,Pamukkale,102012,118123
relation_1606212,Saraykoy,TR20-districts,Denizli,Sarayköy,7574,13346
relation_3446022,Serinhisar,TR20-districts,Denizli,Serinhisar,5519,4631
relation_1605440,Tavas,TR20-districts,Denizli,Tavas,16670,12701
relation_1665230,Baglar,TR21-districts,Diyarbakır,Bağlar,45240,142588
relation_1357023,Bismil,TR21-districts,Diyarbakır,Bismil,12860,46285
relation_1665601,Cermik,TR21-districts,Diyarbakır,Çermik,13899,8243
relation_1404649,Cinar,TR21-districts,Diyarbakır,Çınar,11754,20137
relation_1665602,Cungus,TR21-districts,Diyarbakır,Çüngüş,3298,2015
relation_1846360,Dicle,TR21-districts,Diyarbakır,Dicle,5403,9747
relation_1846361,Egil,TR21-districts,Diyarbakır,Eğil,3868,5297
relation_1354885,Ergani,TR21-districts,Diyarbakır,Ergani,20827,42478
relation_1846362,Hani,TR21-districts,Diyarbakır,Hani,6437,5737
relation_1842158,Hazro,TR21-districts,Diyarbakır,Hazro,1704,5177
relation_1665231,Kayapinar,TR21-districts,Diyarbakır,Kayapınar,53518,158251
relation_1354018,Kocakoy,TR21-districts,Diyarbakır,Kocaköy,1382,6261
relation_1842159,Kulp,TR21-districts,Diyarbakır,Kulp,6869,9242
relation_1846363,Lice,TR21-districts,Diyarbakır,Lice,2027,11852
relation_1842160,Silvan,TR21-districts,Diyarbakır,Silvan,8899,32653
relation_1664708,Sur,TR21-districts,Diyarbakır,Sur,13607,30127
relation_1665091,Yenisehir,TR21-districts,Diyarbakır,Yenişehir,30482,75891
relation_1393955,Akcakoca,TR81-districts,Düzce,Akçakoca,17347,10596
relation_1393950,Cilimli,TR81-districts,Düzce,Çilimli,10101,2184
relation_1393949,Cumayeri,TR81-districts,Düzce,Cumayeri,8498,2048
relation_1393951,Golyaka,TR81-districts,Düzce,Gölyaka,10691,4027
relation_1393956,Gumusova,TR81-districts,Düzce,Gümüşova,8836,2897
relation_1393952,Kaynasli,TR81-districts,Düzce,Kaynaşlı,11295,2592
relation_1393953,Duzce merkez,TR81-districts,Düzce,Merkez,112364,47559
relation_1393954,Yigilca,TR81-districts,Düzce,Yığılca,8651,1375
relation_1834460,Enez,TR22-districts,Edirne,Enez,2063,5775
relation_1834461,Havsa,TR22-districts,Edirne,Havsa,4311,9296
relation_1834586,Ipsala,TR22-districts,Edirne,İpsala,7348,11127
relation_1277696,Kesan,TR22-districts,Edirne,Keşan,20392,36950
relation_1833421,Lalapasa,TR22-districts,Edirne,Lalapaşa,2209,2473
relation_1834584,Meric,TR22-districts,Edirne,Meriç,3949,5547
relation_1834221,Edirne merkez,TR22-districts,Edirne,Merkez,36075,83273
relation_1834222,Suloglu,TR22-districts,Edirne,Süloğlu,1809,2520
relation_1834585,Uzunkopru,TR22-districts,Edirne,Uzunköprü,13645,28646
relation_1830505,Agin,TR23-districts,Elazığ,Ağın,1148,697
relation_1829615,Alacakaya,TR23-districts,Elazığ,Alacakaya,2795,874
relation_1829616,Aricak,TR23-districts,Elazığ,Arıcak,5196,1564
relation_1830506,Baskil,TR23-districts,Elazığ,Baskil,7391,1433
relation_1829562,Karakocan,TR23-districts,Elazığ,Karakoçan,7596,7775
relation_1830508,Keban,TR23-districts,Elazığ,Keban,3207,1173
relation_1829599,Kovancilar,TR23-districts,Elazığ,Kovancılar,16818,3920
relation_1830509,Maden,TR23-districts,Elazığ,Maden,3972,1975
relation_1830507,Elazig merkez,TR23-districts,Elazığ,Merkez,183268,82004
relation_1829617,Palu,TR23-districts,Elazığ,Palu,9623,1178
relation_1830510,Sivrice,TR23-districts,Elazığ,Sivrice,3890,1014
relation_1754250,Cayirli,TR24-districts,Erzincan,Çayırlı,3147,2356
relation_1754244,Ilic,TR24-districts,Erzincan,İliç,4240,1641
relation_1754245,Kemah,TR24-districts,Erzincan,Kemah,2894,1819
relation_1754246,Kemaliye,TR24-districts,Erzincan,Kemaliye,2103,874
relation_1754243,Erzincan merkez,TR24-districts,Erzincan,Merkez,62086,40049
relation_1754247,Otlukbeli,TR24-districts,Erzincan,Otlukbeli,1220,266
relation_1754248,Refahiye,TR24-districts,Erzincan,Refahiye,5207,2355
relation_1754249,Tercan,TR24-districts,Erzincan,Tercan,5701,3924
relation_1754251,Uzumlu,TR24-districts,Erzincan,Üzümlü,5645,3128
relation_1832853,Askale,TR25-districts,Erzurum,Aşkale,10891,2169
relation_1832781,Aziziye,TR25-districts,Erzurum,Aziziye,30741,7133
relation_1832479,Cat,TR25-districts,Erzurum,Çat,5958,2505
relation_1831341,Hinis,TR25-districts,Erzurum,Hınıs,5237,6381
relation_1832453,Horasan,TR25-districts,Erzurum,Horasan,15118,3037
relation_1832625,Ispir,TR25-districts,Erzurum,İspir,8382,1508
relation_1832452,Karacoban,TR25-districts,Erzurum,Karaçoban,2339,6080
relation_1832451,Karayazi,TR25-districts,Erzurum,Karayazı,3527,7950
relation_1832469,Koprukoy,TR25-districts,Erzurum,Köprüköy,5995,1262
relation_1832937,Narman,TR25-districts,Erzurum,Narman,6173,1196
relation_1832682,Oltu,TR25-districts,Erzurum,Oltu,15367,3344
relation_1832462,Olur,TR25-districts,Erzurum,Olur,3548,804
relation_1832938,Palandoken,TR25-districts,Erzurum,Palandöken,74253,27913
relation_1832939,Pasinler,TR25-districts,Erzurum,Pasinler,12816,2577
relation_1832624,Pazaryolu,TR25-districts,Erzurum,Pazaryolu,2313,260
relation_1832461,Senkaya,TR25-districts,Erzurum,Şenkaya,5863,3996
relation_1832940,Tekman,TR25-districts,Erzurum,Tekman,3187,6764
relation_1832941,Tortum,TR25-districts,Erzurum,Tortum,9354,1170
relation_1832683,Uzundere,TR25-districts,Erzurum,Uzundere,4371,827
relation_1832942,Yakutiye,TR25-districts,Erzurum,Yakutiye,81056,23312
relation_1238927,Alpu,TR26-districts,Eskişehir,Alpu,4568,2494
relation_1238933,Beylikova,TR26-districts,Eskişehir,Beylikova,2153,1966
relation_1238932,Cifteler,TR26-districts,Eskişehir,Çifteler,5556,3810
relation_1238928,Gunyuzu,TR26-districts,Eskişehir,Günyüzü,2787,1047
relation_1238925,Han,TR26-districts,Eskişehir,Han,748,788
relation_1238922,Inonu,TR26-districts,Eskişehir,İnönü,2998,1720
relation_1238923,Mahmudiye,TR26-districts,Eskişehir,Mahmudiye,2456,2553
relation_1238929,Mihalgazi,TR26-districts,Eskişehir,Mihalgazi,1538,790
relation_1238921,Mihaliccik,TR26-districts,Eskişehir,Mihalıççık,3350,2230
relation_1238924,Odunpazari,TR26-districts,Eskişehir,Odunpazarı,116351,157848
relation_1238926,Saricakaya,TR26-districts,Eskişehir,Sarıcakaya,2354,1068
relation_1238930,Seyitgazi,TR26-districts,Eskişehir,Seyitgazi,5097,4523
relation_1238931,Sivrihisar,TR26-districts,Eskişehir,Sivrihisar,7816,5633
relation_1687970,Tepebasi,TR26-districts,Eskişehir,Tepebaşı,108291,144125
relation_1808031,Araban,TR27-districts,Gaziantep,Araban,11808,5776
relation_1808098,Islahiye,TR27-districts,Gaziantep,İslahiye,21939,12853
relation_1808093,Karkamis,TR27-districts,Gaziantep,Karkamış,3734,2525
relation_1808094,Nizip,TR27-districts,Gaziantep,Nizip,52003,25813
relation_1808095,Nurdagi,TR27-districts,Gaziantep,Nurdağı,16069,4586
relation_1808096,Oguzeli,TR27-districts,Gaziantep,Oğuzeli,13309,6176
relation_1808099,Sahinbey,TR27-districts,Gaziantep,Şahinbey,304584,186665
relation_1808100,Sehitkamil,TR27-districts,Gaziantep,Şehitkamil,265589,165904
relation_1808097,Yavuzeli,TR27-districts,Gaziantep,Yavuzeli,8159,4069
relation_1835980,Alucra,TR28-districts,Giresun,Alucra,4665,661
relation_1835981,Bulancak,TR28-districts,Giresun,Bulancak,30990,15806
relation_1806690,Camoluk,TR28-districts,Giresun,Çamoluk,3680,476
relation_1835993,Canakci,TR28-districts,Giresun,Çanakçı,3224,886
relation_1835982,Dereli,TR28-districts,Giresun,Dereli,11021,2217
relation_1835983,Dogankent,TR28-districts,Giresun,Doğankent,3173,1037
relation_1835984,Espiye,TR28-districts,Giresun,Espiye,15186,7516
relation_1835985,Eynesil,TR28-districts,Giresun,Eynesil,5693,2958
relation_1835987,Gorele,TR28-districts,Giresun,Görele,12840,7842
relation_1835988,Guce,TR28-districts,Giresun,Güce,4332,1076
relation_1835989,Kesap,TR28-districts,Giresun,Keşap,9102,4818
relation_1835986,Giresun merkez,TR28-districts,Giresun,Merkez,47315,43136
relation_1835990,Piraziz,TR28-districts,Giresun,Piraziz,6066,3802
relation_1806620,Sebinkarahisar,TR28-districts,Giresun,Şebinkarahisar,10487,2458
relation_1835991,Tirebolu,TR28-districts,Giresun,Tirebolu,14392,7427
relation_1835992,Yaglidere,TR28-districts,Giresun,Yağlıdere,8274,1844
relation_1835701,Kelkit,TR29-districts,Gümüşhane,Kelkit,16683,3270
relation_1835702,Kose,TR29-districts,Gümüşhane,Köse,3325,360
relation_1835703,Kurtun,TR29-districts,Gümüşhane,Kürtün,6492,1156
relation_1835700,Gumushane merkez,TR29-districts,Gümüşhane,Merkez,20738,7866
relation_1835704,Siran,TR29-districts,Gümüşhane,Şiran,7840,2361
relation_1835646,Torul,TR29-districts,Gümüşhane,Torul,5323,1492
relation_1776630,Cukurca,TR30-districts,Hakkâri,Çukurca,2622,5738
relation_9218922,Derecik,TR30-districts,Hakkâri,Derecik,7523,3226
relation_1381572,Hakkari merkez,TR30-districts,Hakkâri,Merkez,10196,31460
relation_1381574,Semdinli,TR30-districts,Hakkâri,Şemdinli,8557,11249
relation_1381573,Yuksekova,TR30-districts,Hakkâri,Yüksekova,10856,51111
relation_1240897,Altinozu,TR31-districts,Hatay,Altınözü,28257,4292
relation_1240898,Antakya,TR31-districts,Hatay,Antakya,89677,69031
relation_3664512,Arsuz,TR31-districts,Hatay,Arsuz,14714,47861
relation_1240901,Belen,TR31-districts,Hatay,Belen,13346,6385
relation_3663389,Defne,TR31-districts,Hatay,Defne,7558,79770
relation_1240902,Dortyol,TR31-districts,Hatay,Dörtyol,41207,32511
relation_1240894,Erzin,TR31-districts,Hatay,Erzin,12649,12478
relation_1240899,Hassa,TR31-districts,Hatay,Hassa,23560,7215
relation_1240891,Iskenderun,TR31-districts,Hatay,İskenderun,67585,66084
relation_1240900,Kirikhan,TR31-districts,Hatay,Kırıkhan,44152,12044
relation_1240893,Kumlu,TR31-districts,Hatay,Kumlu,5632,1887
relation_3664639,Payas,TR31-districts,Hatay,Payaş,16145,9261
relation_1240895,Reyhanli,TR31-districts,Hatay,Reyhanlı,42806,8427
relation_1240896,Samandag,TR31-districts,Hatay,Samandağ,5437,67114
relation_1240892,Yayladagi,TR31-districts,Hatay,Yayladağı,17926,3898
relation_1251329,Aralik,TR76-districts,Iğdır,Aralık,3789,5717
relation_1251331,Karakoyunlu,TR76-districts,Iğdır,Karakoyunlu,2548,3656
relation_1251330,Igdir (merkez),TR76-districts,Iğdır,Merkez,21692,46754
relation_1251328,Tuzluca,TR76-districts,Iğdır,Tuzluca,3472,7199
relation_1601952,Aksu,TR32-districts,Isparta,Aksu,1750,1113
relation_1827186,Atabey,TR32-districts,Isparta,Atabey,2331,1812
relation_1827187,Egirdir,TR32-districts,Isparta,Eğirdir,12406,7670
relation_1827188,Gelendost,TR32-districts,Isparta,Gelendost,5339,4388
relation_1827189,Gonen,TR32-districts,Isparta,Gönen,2533,2458
relation_1827191,Keciborlu,TR32-districts,Isparta,Keçiborlu,5865,3921
relation_1827190,Isparta merkez,TR32-districts,Isparta,Merkez,90288,73910
relation_1827196,Sarkikaraagac,TR32-districts,Isparta,Şarkikaraağaç,9972,6169
relation_1827192,Senirkent,TR32-districts,Isparta,Senirkent,4121,3079
relation_1827193,Sutculer,TR32-districts,Isparta,Sütçüler,5657,1321
relation_1827194,Uluborlu,TR32-districts,Isparta,Uluborlu,2133,1675
relation_1827195,Yalvac,TR32-districts,Isparta,Yalvaç,17647,9913
relation_10012274,Yenisarbademli,TR32-districts,Isparta,Yenişarbademli,885,709
relation_1268453,Aliaga,TR35-districts,İzmir,Aliağa,23675,41179
relation_1269253,Balcova,TR35-districts,İzmir,Balçova,12024,41963
relation_1841223,Bayindir,TR35-districts,İzmir,Bayındır,12242,15139
relation_1268481,Bayrakli,TR35-districts,İzmir,Bayraklı,72468,129432
relation_1819082,Bergama,TR35-districts,İzmir,Bergama,32134,40931
relation_1823316,Beydag,TR35-districts,İzmir,Beydağ,3254,5365
relation_1269252,Bornova,TR35-districts,İzmir,Bornova,97114,198939
relation_1269254,Buca,TR35-districts,İzmir,Buca,116517,217897
relation_1268454,Cesme,TR35-districts,İzmir,Çeşme,8377,24794
relation_1268482,Cigli,TR35-districts,İzmir,Çiğli,39316,106556
relation_1819083,Dikili,TR35-districts,İzmir,Dikili,8556,26530
relation_1268452,Foca,TR35-districts,İzmir,Foça,6079,17523
relation_1269251,Gaziemir,TR35-districts,İzmir,Gaziemir,29441,60633
relation_1269194,Guzelbahce,TR35-districts,İzmir,Güzelbahçe,4613,20761
relation_1269256,Karabaglar,TR35-districts,İzmir,Karabağlar,115970,202777
relation_1269193,Karaburun,TR35-districts,İzmir,Karaburun,2426,6831
relation_1268483,Karsiyaka,TR35-districts,İzmir,Karşıyaka,42501,207529
relation_1269520,Kemalpasa,TR35-districts,İzmir,Kemalpaşa,38393,37639
relation_1820958,Kinik,TR35-districts,İzmir,Kınık,7649,11815
relation_1823317,Kiraz,TR35-districts,İzmir,Kiraz,15646,12906
relation_1269255,Konak,TR35-districts,İzmir,Konak,63747,159105
relation_1269196,Menderes,TR35-districts,İzmir,Menderes,28107,42337
relation_1268484,Menemen,TR35-districts,İzmir,Menemen,43282,83113
relation_1269257,Narlidere,TR35-districts,İzmir,Narlıdere,6706,37987
relation_1823318,Odemis,TR35-districts,İzmir,Ödemiş,40732,48553
relation_1269195,Seferihisar,TR35-districts,İzmir,Seferihisar,10685,28059
relation_1841225,Selcuk,TR35-districts,İzmir,Selçuk,8413,17748
relation_1841226,Tire,TR35-districts,İzmir,Tire,24580,34323
relation_1269519,Torbali,TR35-districts,İzmir,Torbalı,52903,78917
relation_1269192,Urla,TR35-districts,İzmir,Urla,10766,41078
relation_1341117,Afsin,TR46-districts,Kahramanmaraş,Afşin,31481,10907
relation_1336189,Andirin,TR46-districts,Kahramanmaraş,Andırın,15077,6623
relation_1340567,Caglayancerit,TR46-districts,Kahramanmaraş,Çağlayancerit,8959,4563
relation_3671448,Dulkadiroglu,TR46-districts,Kahramanmaraş,Dülkadiroğlu,99893,19833
relation_1341116,Ekinozu,TR46-districts,Kahramanmaraş,Ekinözü,4179,2000
relation_1341120,Elbistan,TR46-districts,Kahramanmaraş,Elbistan,44296,21241
relation_1335884,Goksun,TR46-districts,Kahramanmaraş,Göksun,21034,6837
relation_1340568,Nurhak,TR46-districts,Kahramanmaraş,Nurhak,2260,4061
relation_3671449,Onikisubat,TR46-districts,Kahramanmaraş,Onikişubat,187594,50373
relation_1341119,Pazarcik,TR46-districts,Kahramanmaraş,Pazarcık,20737,16148
relation_1341115,Turkoglu,TR46-districts,Kahramanmaraş,Türkoğlu,33529,7427
relation_1245156,Eflani,TR78-provinces,Karabük,Eflani,4542,1306
relation_1245155,Eskipazar,TR78-provinces,Karabük,Eskipazar,6726,1940
relation_1245154,Merkez,TR78-provinces,Karabük,Merkez,51461,28293
relation_1245157,Ovacik,TR78-provinces,Karabük,Ovacık,2015,786
relation_1245158,Safranbolu,TR78-provinces,Karabük,Safranbolu,25001,18853
relation_1245153,Yenice,TR78-provinces,Karabük,Yenice,8776,4906
relation_1477818,Ayranci,TR70-districts,Karaman,Ayrancı,3259,1953
relation_1446934,Basyayla,TR70-districts,Karaman,Başyayla,1717,447
relation_1446437,Ermenek,TR70-districts,Karaman,Ermenek,9955,7533
relation_1477820,Kazimkarabekir,TR70-districts,Karaman,Kazımkarabekir,2077,770
relation_1477819,Karaman merkez,TR70-districts,Karaman,Merkez,84473,40441
relation_1446935,Sariveliler,TR70-districts,Karaman,Sarıveliler,3836,3389
relation_1838389,Akyaka,TR36-districts,Kars,Akyaka,2458,2718
relation_1838390,Arpacay,TR36-districts,Kars,Arpaçay,4121,4122
relation_1838391,Digor,TR36-districts,Kars,Digor,1697,7237
relation_1838393,Kagizman,TR36-districts,Kars,Kağızman,10260,9844
relation_1838392,Kars merkez,TR36-districts,Kars,Merkez,22103,38040
relation_1838394,Sarikamis,TR36-districts,Kars,Sarıkamış,10854,6156
relation_1838395,Selim,TR36-districts,Kars,Selim,5830,5002
relation_1838396,Susuz,TR36-districts,Kars,Susuz,1734,3264
relation_1801985,Abana,TR37-districts,Kastamonu,Abana,1887,1024
relation_1801988,Agli,TR37-districts,Kastamonu,Ağlı,1690,436
relation_1801986,Arac,TR37-districts,Kastamonu,Araç,8917,3637
relation_1801987,Azdavay,TR37-districts,Kastamonu,Azdavay,3028,1940
relation_1801989,Bozkurt,TR37-districts,Kastamonu,Bozkurt,4874,1505
relation_1801998,Catalzeytin,TR37-districts,Kastamonu,Çatalzeytin,3480,1141
relation_1801990,Cide,TR37-districts,Kastamonu,Cide,10484,4569
relation_1801991,Daday,TR37-districts,Kastamonu,Daday,3607,2180
relation_1801992,Devrekani,TR37-districts,Kastamonu,Devrekani,6474,1982
relation_1801993,Doganyurt,TR37-districts,Kastamonu,Doğanyurt,2904,566
relation_1426790,Hanonu,TR37-districts,Kastamonu,Hanönü,1977,963
relation_1801999,Ihsangazi,TR37-districts,Kastamonu,İhsangazi,3025,666
relation_1802000,Inebolu,TR37-districts,Kastamonu,İnebolu,9815,3420
relation_1801995,Kure,TR37-districts,Kastamonu,Küre,2541,976
relation_1801994,Kastamonu merkez,TR37-districts,Kastamonu,Merkez,59489,34681
relation_1801996,Pinarbasi,TR37-districts,Kastamonu,Pınarbaşı,2722,1248
relation_1802001,Senpazar,TR37-districts,Kastamonu,Şenpazar,2184,700
relation_1801997,Seydiler,TR37-districts,Kastamonu,Seydiler,2239,803
relation_1426789,Taskopru,TR37-districts,Kastamonu,Taşköprü,18351,7311
relation_1781114,Tosya,TR37-districts,Kastamonu,Tosya,22592,5056
relation_1798518,Akkisla,TR38-districts,Kayseri,Akkışla,2245,1642
relation_1798519,Bunyan,TR38-districts,Kayseri,Bünyan,12191,4838
relation_1798542,Develi,TR38-districts,Kayseri,Develi,32931,9738
relation_1797399,Felahiye,TR38-districts,Kayseri,Felahiye,2235,1181
relation_1797158,Hacilar,TR38-districts,Kayseri,Hacılar,7203,1611
relation_1797157,Incesu,TR38-districts,Kayseri,İncesu,13559,5009
relation_1797400,Kocasinan,TR38-districts,Kayseri,Kocasinan,169208,82579
relation_1797146,Melikgazi,TR38-districts,Kayseri,Melikgazi,248535,115188
relation_1798521,Ozvatan,TR38-districts,Kayseri,Özvatan,2051,664
relation_1798306,Pinarbasi,TR38-districts,Kayseri,Pınarbaşı,8332,5201
relation_1798520,Sarioglan,TR38-districts,Kayseri,Sarıoğlan,6009,2822
relation_1731539,Sariz,TR38-districts,Kayseri,Sarız,3666,2680
relation_1797260,Talas,TR38-districts,Kayseri,Talas,59041,41964
relation_1798307,Tomarza,TR38-districts,Kayseri,Tomarza,10648,3314
relation_1798543,Yahyali,TR38-districts,Kayseri,Yahyalı,19838,3925
relation_1798544,Yesilhisar,TR38-districts,Kayseri,Yeşilhisar,7092,3634
relation_1240869,Elbeyli,TR79-districts,Kilis,Elbeyli,2766,1290
relation_1240868,Kilis (merkez),TR79-districts,Kilis,Merkez,46431,21313
relation_1240870,Musabeyli,TR79-districts,Kilis,Musabeyli,5822,1386
relation_1240867,Polateli,TR79-districts,Kilis,Polateli,2318,591
relation_1251200,Bahsili,TR71-districts,Kırıkkale,Bahşili,3402,1382
relation_1251198,Baliseyh,TR71-districts,Kırıkkale,Balışeyh,2708,1546
relation_1251085,Celebi,TR71-districts,Kırıkkale,Çelebi,1198,472
relation_1251197,Delice,TR71-districts,Kırıkkale,Delice,4164,2129
relation_1251090,Karakeceli,TR71-districts,Kırıkkale,Karakeceli,1712,388
relation_1251131,Keskin,TR71-districts,Kırıkkale,Keskin,6852,2680
relation_1251199,Kirikkale (merkez),TR71-districts,Kırıkkale,Merkez,76397,43748
relation_1251201,Sulakyurt,TR71-districts,Kırıkkale,Sulakyurt,2691,1829
relation_1251196,Yahsihan,TR71-districts,Kırıkkale,Yahşihan,9222,7536
relation_1835616,Babaeski,TR39-districts,Kırklareli,Babaeski,8769,25267
relation_1835617,Demirkoy,TR39-districts,Kırklareli,Demirköy,2990,3167
relation_1834226,Kofcaz,TR39-districts,Kırklareli,Kofçaz,710,1026
relation_1835618,Luleburgaz,TR39-districts,Kırklareli,Lüleburgaz,31472,77354
relation_1834227,Kirklareli merkez,TR39-districts,Kırklareli,Merkez,24502,44566
relation_1835619,Pehlivankoy,TR39-districts,Kırklareli,Pehlivanköy,803,1860
relation_1835620,Pinarhisar,TR39-districts,Kırklareli,Pınarhisar,4624,8242
relation_1835621,Vize,TR39-districts,Kırklareli,Vize,7005,13769
relation_1830535,Akcakent,TR40-districts,Kırşehir,Akçakent,2060,516
relation_1830534,Akpinar,TR40-districts,Kırşehir,Akpınar,3074,1762
relation_1830536,Boztepe,TR40-districts,Kırşehir,Boztepe,1630,2121
relation_1830539,Cicekdagi,TR40-districts,Kırşehir,Çiçekdağı,6754,2601
relation_1830537,Kaman,TR40-districts,Kırşehir,Kaman,12148,8554
relation_1830538,Kirsehir merkez,TR40-districts,Kırşehir,Merkez,49275,41354
relation_1721351,Mucur,TR40-districts,Kırşehir,Mucur,7523,4493
relation_1250964,Ahirli,TR42-districts,Konya,Ahırlı,2342,787
relation_1250957,Akoren,TR42-districts,Konya,Akören,3006,685
relation_1250956,Aksehir,TR42-districts,Konya,Akşehir,37383,21928
relation_1250963,Altinekin,TR42-districts,Konya,Altınekin,7955,1386
relation_1250954,Beysehir,TR42-districts,Konya,Beyşehir,35734,13726
relation_1250955,Bozkir,TR42-districts,Konya,Bozkır,11983,3684
relation_1250965,Celtik,TR42-districts,Konya,Çeltik,4097,1610
relation_1250971,Cihanbeyli,TR42-districts,Konya,Cihanbeyli,14826,11865
relation_280991,Cumra,TR42-districts,Konya,Çumra,34471,8300
relation_1250966,Derbent,TR42-districts,Konya,Derbent,2228,822
relation_1250970,Derebucak,TR42-districts,Konya,Derebucak,2569,1027
relation_1250968,Doganhisar,TR42-districts,Konya,Doğanhisar,7113,3362
relation_1250953,Emirgazi,TR42-districts,Konya,Emirgazi,2971,1497
relation_1250945,Eregli,TR42-districts,Konya,Ereğli,52911,38938
relation_1250948,Guneysinir,TR42-districts,Konya,Güneysınır,5590,652
relation_1250950,Hadim,TR42-districts,Konya,Hadim,5353,1994
relation_1250949,Halkapinar,TR42-districts,Konya,Halkapınar,2199,700
relation_1250974,Huyuk,TR42-districts,Konya,Hüyük,7189,3589
relation_1250973,Ilgin,TR42-districts,Konya,Ilgın,24675,10307
relation_1250962,Kadinhani,TR42-districts,Konya,Kadınhanı,16768,3416
relation_1250961,Karapinar,TR42-districts,Konya,Karapınar,21611,8886
relation_1250951,Karatay,TR42-districts,Konya,Karatay,176419,38237
relation_1250969,Kulu,TR42-districts,Konya,Kulu,16673,8553
relation_1250958,Meram,TR42-districts,Konya,Meram,165578,44168
relation_1250960,Sarayonu,TR42-districts,Konya,Sarayönü,15326,3039
relation_1250972,Selcuklu,TR42-districts,Konya,Selçuklu,290349,116676
relation_1250967,Seydisehir,TR42-districts,Konya,Seydişehir,25960,17254
relation_1250946,Taskent,TR42-districts,Konya,Taşkent,2623,1099
relation_1250959,Tuzlukcu,TR42-districts,Konya,Tuzlukçu,2521,1680
relation_1250952,Yalihuyuk,TR42-districts,Konya,Yalıhüyük,950,261
relation_1250947,Yunak,TR42-districts,Konya,Yunak,9043,2972
relation_1824948,Altintas,TR43-districts,Kütahya,Altıntaş,7796,2553
relation_1824949,Aslanapa,TR43-districts,Kütahya,Aslanapa,5369,817
relation_1824811,Cavdarhisar,TR43-districts,Kütahya,Çavdarhisar,2945,1282
relation_1671338,Domanic,TR43-districts,Kütahya,Domaniç,7152,3169
relation_1824950,Dumlupinar,TR43-districts,Kütahya,Dumlupınar,1343,591
relation_1824831,Emet,TR43-districts,Kütahya,Emet,9831,3123
relation_1668902,Gediz,TR43-districts,Kütahya,Gediz,23399,10172
relation_1824832,Hisarcik,TR43-districts,Kütahya,Hisarcık,5701,2179
relation_1824951,Kutahya merkez,TR43-districts,Kütahya,Merkez,116333,53643
relation_1669548,Pazarlar,TR43-districts,Kütahya,Pazarlar,2705,805
relation_1669549,Saphane,TR43-districts,Kütahya,Şaphane,2879,1185
relation_1593755,Simav,TR43-districts,Kütahya,Simav,30531,12684
relation_1824952,Tavsanli,TR43-districts,Kütahya,Tavşanlı,50440,18790
relation_1826235,Akcadag,TR44-districts,Malatya,Akçadağ,10521,7086
relation_1826363,Arapgir,TR44-districts,Malatya,Arapgir,3866,2903
relation_1826364,Arguvan,TR44-districts,Malatya,Arguvan,1093,4162
relation_1826542,Battalgazi,TR44-districts,Malatya,Battalgazi,119101,31162
relation_1826260,Darende,TR44-districts,Malatya,Darende,13181,2828
relation_1825945,Dogansehir,TR44-districts,Malatya,Doğanşehir,13050,8776
relation_1246231,Doganyol,TR44-districts,Malatya,Doğanyol,1995,424
relation_1826311,Hekimhan,TR44-districts,Malatya,Hekimhan,5078,6263
relation_1826120,Kale,TR44-districts,Malatya,Kale,3734,422
relation_1826312,Kuluncak,TR44-districts,Malatya,Kuluncak,3377,1659
relation_1246232,Puturge,TR44-districts,Malatya,Pütürge,7018,1363
relation_1826497,Yazihan,TR44-districts,Malatya,Yazıhan,5289,2703
relation_1826216,Yesilyurt,TR44-districts,Malatya,Yeşilyurt,114977,48053
relation_1761487,Ahmetli,TR45-districts,Manisa,Ahmetli,6255,5418
relation_1822655,Akhisar,TR45-districts,Manisa,Akhisar,58269,63101
relation_1822974,Alasehir,TR45-districts,Manisa,Alaşehir,34502,33415
relation_1821131,Demirci,TR45-districts,Manisa,Demirci,18089,7203
relation_1822723,Golmarmara,TR45-districts,Manisa,Gölmarmara,4445,5899
relation_1820450,Gordes,TR45-districts,Manisa,Gördes,12499,6587
relation_1758898,Kirkagac,TR45-districts,Manisa,Kırkağaç,18723,8426
relation_1821042,Koprubasi,TR45-districts,Manisa,Köprübaşı,5293,3866
relation_1821205,Kula,TR45-districts,Manisa,Kula,18370,11863
relation_1821255,Salihli,TR45-districts,Manisa,Salihli,46850,64518
relation_1822975,Sarigol,TR45-districts,Manisa,Sarıgöl,10691,14087
relation_1822901,Saruhanli,TR45-districts,Manisa,Saruhanlı,17927,21390
relation_1822900,Sehzadeler,TR45-districts,Manisa,Şehzadeler,50960,55042
relation_1821206,Selendi,TR45-districts,Manisa,Selendi,9046,4378
relation_1758899,Soma,TR45-districts,Manisa,Soma,41111,32844
relation_1822902,Turgutlu,TR45-districts,Manisa,Turgutlu,56241,54650
relation_3668268,Yunusemre,TR45-districts,Manisa,Yunusemre,76153,88935
relation_1693939,Artuklu,TR47-districts,Mardin,Artüklü,49933,46883
relation_1361267,Dargecit,TR47-districts,Mardin,Dargeçit,3886,8345
relation_1694026,Derik,TR47-districts,Mardin,Derik,5983,22196
relation_1694027,Kiziltepe,TR47-districts,Mardin,Kızıltepe,26456,103639
relation_1693976,Mazidagi,TR47-districts,Mardin,Mazıdağı,4043,12467
relation_1692098,Midyat,TR47-districts,Mardin,Midyat,31112,24455
relation_1692099,Nusaybin,TR47-districts,Mardin,Nusaybin,8884,45730
relation_1358708,Omerli,TR47-districts,Mardin,Ömerli,4100,3014
relation_1849197,Savur,TR47-districts,Mardin,Savur,5783,5846
relation_1693940,Yesilli,TR47-districts,Mardin,Yeşilli,6035,1845
relation_1827891,Akdeniz,TR33-districts,Mersin,Akdeniz,49948,100236
relation_1827892,Anamur,TR33-districts,Mersin,Anamur,20360,25271
relation_1827893,Aydincik,TR33-districts,Mersin,Aydıncık,4181,3645
relation_1827894,Bozyazi,TR33-districts,Mersin,Bozyazı,9429,8997
relation_1626475,Camliyayla,TR33-districts,Mersin,Çamlıyayla,3674,2469
relation_1827895,Erdemli,TR33-districts,Mersin,Erdemli,53215,43952
relation_1442756,Gulnar,TR33-districts,Mersin,Gülnar,9974,7884
relation_1827896,Mezitli,TR33-districts,Mersin,Mezitli,42006,92307
relation_1442351,Mut,TR33-districts,Mersin,Mut,22089,19847
relation_1442334,Silifke,TR33-districts,Mersin,Silifke,35213,49186
relation_1586057,Tarsus,TR33-districts,Mersin,Tarsus,90794,121323
relation_1626398,Toroslar,TR33-districts,Mersin,Toroslar,82445,107770
relation_1827897,Yenisehir,TR33-districts,Mersin,Yenişehir,44340,126523
relation_1827275,Bodrum,TR48-districts,Muğla,Bodrum,27276,100461
relation_1827399,Dalaman,TR48-districts,Muğla,Dalaman,11907,18906
relation_1645432,Datca,TR48-districts,Muğla,Datça,4284,13767
relation_1827656,Fethiye,TR48-districts,Muğla,Fethiye,42690,68444
relation_1624125,Kavaklidere,TR48-districts,Muğla,Kavaklıdere,4568,3028
relation_1827377,Koycegiz,TR48-districts,Muğla,Köyceğiz,11289,15258
relation_1827293,Marmaris,TR48-districts,Muğla,Marmaris,17520,43814
relation_1827294,Mentese,TR48-districts,Muğla,Menteşe,23987,53880
relation_1827276,Milas,TR48-districts,Muğla,Milas,32346,69103
relation_1827378,Ortaca,TR48-districts,Muğla,Ortaca,12264,24996
relation_3671798,Seydikemer,TR48-districts,Muğla,Seydikemer,24483,17468
relation_1827295,Ula,TR48-districts,Muğla,Ula,6906,12459
relation_1613889,Yatagan,TR48-districts,Muğla,Yatağan,12591,20060
relation_1831009,Bulanik,TR49-districts,Muş,Bulanık,6171,23547
relation_1831010,Haskoy,TR49-districts,Muş,Hasköy,10615,2731
relation_1831011,Korkut,TR49-districts,Muş,Korkut,3093,6774
relation_1831012,Malazgirt,TR49-districts,Muş,Malazgirt,4312,14913
relation_1831013,Mus merkez,TR49-districts,Muş,Merkez,46903,40505
relation_1831014,Varto,TR49-districts,Muş,Varto,1610,13322
relation_282353,Acigol,TR50-districts,Nevşehir,Acıgöl,11051,1321
relation_281083,Avanos,TR50-districts,Nevşehir,Avanos,12191,9573
relation_281360,Derinkuyu,TR50-districts,Nevşehir,Derinkuyu,8965,4148
relation_282354,Gulsehir,TR50-districts,Nevşehir,Gülşehir,10011,4051
relation_281228,Hacibektas,TR50-districts,Nevşehir,Hacıbektaş,2514,5239
relation_281080,Kozakli,TR50-districts,Nevşehir,Kozaklı,5112,3703
relation_282342,Nevsehir merkez,TR50-districts,Nevşehir,Merkez,64906,27472
relation_281359,Urgup,TR50-districts,Nevşehir,Ürgüp,15117,9803
relation_1249729,Altunhisar,TR51-districts,Niğde,Altunhisar,5373,1396
relation_1249728,Bor,TR51-districts,Niğde,Bor,24998,14056
relation_1249727,Camardi,TR51-districts,Niğde,Çamardı,5560,1836
relation_1249731,Ciftlik,TR51-districts,Niğde,Çiftlik,8106,5073
relation_1249730,Nigde (merkez),TR51-districts,Niğde,Merkez,82828,53179
relation_1249726,Ulukisla,TR51-districts,Niğde,Ulukışla,7085,6401
relation_1839057,Akkus,TR52-districts,Ordu,Akkuş,10904,2826
relation_1839066,Altinordu,TR52-districts,Ordu,Altınordu,78742,69499
relation_1839058,Aybasti,TR52-districts,Ordu,Aybastı,9854,2825
relation_1839069,Camas,TR52-districts,Ordu,Çamaş,4327,1499
relation_1839070,Catalpinar,TR52-districts,Ordu,Çatalpınar,7606,1031
relation_1806052,Caybasi,TR52-districts,Ordu,Çaybaşı,6335,1211
relation_1839059,Fatsa,TR52-districts,Ordu,Fatsa,50252,29269
relation_1839060,Golkoy,TR52-districts,Ordu,Gölköy,10934,5554
relation_1839061,Gulyali,TR52-districts,Ordu,Gülyalı,3444,2968
relation_1839062,Gurgentepe,TR52-districts,Ordu,Gürgentepe,4856,4372
relation_1805920,Ikizce,TR52-districts,Ordu,İkizce,7002,1988
relation_1806539,Kabaduz,TR52-districts,Ordu,Kabadüz,3778,1349
relation_1839063,Kabatas,TR52-districts,Ordu,Kabataş,5287,1630
relation_1839064,Korgan,TR52-districts,Ordu,Korgan,14360,2693
relation_1839065,Kumru,TR52-districts,Ordu,Kumru,15598,2391
relation_1806483,Mesudiye,TR52-districts,Ordu,Mesudiye,5962,2509
relation_1839067,Persembe,TR52-districts,Ordu,Perşembe,11540,9728
relation_1839068,Ulubey,TR52-districts,Ordu,Ulubey,8413,4429
relation_1806116,Unye,TR52-districts,Ordu,Ünye,60926,23015
relation_1248429,Bahce,TR80-districts,Osmaniye,Bahçe,10929,3299
relation_1248436,Duzici,TR80-districts,Osmaniye,Düziçi,33355,16579
relation_1248432,Hasanbeyli,TR80-districts,Osmaniye,Hasanbeyli,2303,1042
relation_1248435,Kadirli,TR80-districts,Osmaniye,Kadirli,49646,29404
relation_1248433,Osmaniye (merkez),TR80-districts,Osmaniye,Merkez,104509,50966
relation_1248434,Sumbas,TR80-districts,Osmaniye,Sumbas,5768,3080
relation_1248430,Toprakkale,TR80-districts,Osmaniye,Toprakkale,6432,4373
relation_1725592,Ardesen,TR-53-counties,Rize,Ardeşen,18957,8546
relation_1838683,Camlihemsin,TR-53-counties,Rize,Çamlıhemşin,3736,1306
relation_1838684,Cayeli,TR-53-counties,Rize,Çayeli,24323,4912
relation_1838677,Derepazari,TR-53-counties,Rize,Derepazarı,4099,776
relation_1725593,Findikli,TR-53-counties,Rize,Fındıklı,5771,5540
relation_1838678,Guneysu,TR-53-counties,Rize,Güneysu,9518,1340
relation_1838679,Hemsin,TR-53-counties,Rize,Hemşin,1148,610
relation_1725548,Ikizdere,TR-53-counties,Rize,İkizdere,3911,517
relation_1838685,Iyidere,TR-53-counties,Rize,İyidere,5288,852
relation_1838680,Kalkandere,TR-53-counties,Rize,Kalkandere,7240,1431
relation_1838682,Rize merkez,TR-53-counties,Rize,Merkez,75313,21696
relation_1838681,Pazar,TR-53-counties,Rize,Pazar,13944,7619
relation_1252526,Adapazari,TR54-districts,Sakarya,Adapazarı,112198,65053
relation_1252522,Akyazi,TR54-districts,Sakarya,Akyazı,51699,11684
relation_1775177,Arifiye,TR54-districts,Sakarya,Arifiye,21920,8794
relation_1775571,Erenler,TR54-districts,Sakarya,Erenler,42332,15615
relation_1252528,Ferizli,TR54-districts,Sakarya,Ferizli,13516,5241
relation_1252524,Geyve,TR54-districts,Sakarya,Geyve,24109,9273
relation_1252530,Hendek,TR54-districts,Sakarya,Hendek,42219,15686
relation_1252531,Karapurcek,TR54-districts,Sakarya,Karapürçek,7048,1766
relation_4161128,Karasu,TR54-districts,Sakarya,Karasu,31108,14692
relation_1252521,Kaynarca,TR54-districts,Sakarya,Kaynarca,13601,3440
relation_1252532,Kocaali,TR54-districts,Sakarya,Kocaali,11759,4524
relation_1775627,Pamukova,TR54-districts,Sakarya,Pamukova,14642,5656
relation_1775628,Sapanca,TR54-districts,Sakarya,Sapanca,18458,10702
relation_6989045,Serdivan,TR54-districts,Sakarya,Serdivan,54230,39616
relation_1252523,Sogutlu,TR54-districts,Sakarya,Söğütlü,7012,3453
relation_1252527,Tarakli,TR54-districts,Sakarya,Taraklı,3914,933
relation_1837360,Alacam,TR55-districts,Samsun,Alaçam,11125,6084
relation_1837361,Asarcik,TR55-districts,Samsun,Asarcık,8314,1273
relation_1837362,Atakum,TR55-districts,Samsun,Atakum,66027,80765
relation_1837363,Ayvacik,TR55-districts,Samsun,Ayvacık,10697,1545
relation_1837364,Bafra,TR55-districts,Samsun,Bafra,64053,30043
relation_1837365,Canik,TR55-districts,Samsun,Canik,45601,16326
relation_1837374,Carsamba,TR55-districts,Samsun,Çarşamba,69265,20535
relation_1837366,Havza,TR55-districts,Samsun,Havza,18787,7468
relation_1837375,Ilkadim,TR55-districts,Samsun,İlkadım,119943,87807
relation_1837367,Kavak,TR55-districts,Samsun,Kavak,11534,4363
relation_1837368,Ladik,TR55-districts,Samsun,Ladik,8151,3217
relation_1837369,Ondokuzmayis,TR55-districts,Samsun,Ondokuzmayıs,13619,4056
relation_1837370,Salipazari,TR55-districts,Samsun,Salıpazarı,11017,2756
relation_1837371,Tekkekoy,TR55-districts,Samsun,Tekkeköy,25609,12255
relation_1837372,Terme,TR55-districts,Samsun,Terme,38112,11224
relation_1722709,Vezirkopru,TR55-districts,Samsun,Vezirköprü,44193,10523
relation_1837373,Yakakent,TR55-districts,Samsun,Yakakent,4016,2196
relation_1747576,Akcakale,TR63-districts,Şanlıurfa,Akçakale,46646,3557
relation_1747577,Birecik,TR63-districts,Şanlıurfa,Birecik,24069,17418
relation_1747578,Bozova,TR63-districts,Şanlıurfa,Bozova,14124,9877
relation_1747579,Ceylanpinar,TR63-districts,Şanlıurfa,Ceylanpınar,21548,19007
relation_3677452,Eyyubiye,TR63-districts,Şanlıurfa,Eyyubiye,121274,31598
relation_1747580,Halfeti,TR63-districts,Şanlıurfa,Halfeti,7897,10750
relation_1747584,Haliliye,TR63-districts,Şanlıurfa,Haliliye,127589,52951
relation_1747581,Harran,TR63-districts,Şanlıurfa,Harran,37309,1821
relation_1747582,Hilvan,TR63-districts,Şanlıurfa,Hilvan,11372,8470
relation_3677455,Karakopru,TR63-districts,Şanlıurfa,Karaköprü,85231,51688
relation_1596129,Siverek,TR63-districts,Şanlıurfa,Siverek,56739,48903
relation_1747583,Suruc,TR63-districts,Şanlıurfa,Suruç,12503,30325
relation_1694298,Viransehir,TR63-districts,Şanlıurfa,Viranşehir,43815,44200
relation_1246477,Tillo,TR56-districts,Siirt,Tillo,1991,412
relation_1246478,Baykan,TR56-districts,Siirt,Baykan,5516,5507
relation_1246475,Eruh,TR56-districts,Siirt,Eruh,3060,5473
relation_1246476,Kurtalan,TR56-districts,Siirt,Kurtalan,8558,18620
relation_1246473,Siirt (merkez),TR56-districts,Siirt,Merkez,34958,48660
relation_1246474,Pervari,TR56-districts,Siirt,Pervari,7818,5166
relation_1246472,Sirvan,TR56-districts,Siirt,Şirvan,7212,2154
relation_1428702,Ayancik,TR57-districts,Sinop,Ayancık,10127,6043
relation_1428709,Boyabat,TR57-districts,Sinop,Boyabat,20716,7936
relation_1428710,Dikmen,TR57-districts,Sinop,Dikmen,2677,660
relation_1428706,Duragan,TR57-districts,Sinop,Durağan,9289,1674
relation_1428707,Erfelek,TR57-districts,Sinop,Erfelek,5323,3478
relation_1428705,Gerze,TR57-districts,Sinop,Gerze,12023,7426
relation_1428703,Sinop merkez,TR57-districts,Sinop,Merkez,17857,25112
relation_1428708,Sarayduzu,TR57-districts,Sinop,Saraydüzü,3356,847
relation_1427183,Turkeli,TR57-districts,Sinop,Türkeli,8086,2008
relation_1751837,Beytussebap,TR73-districts,Şırnak,Beytüşşebap,2916,5492
relation_1751838,Cizre,TR73-districts,Şırnak,Cizre,11846,60735
relation_1751839,Guclukonak,TR73-districts,Şırnak,Güçlükonak,1588,3661
relation_1751842,Idil,TR73-districts,Şırnak,İdil,7806,23015
relation_1751843,Sirnak merkez,TR73-districts,Şırnak,Merkez,17558,32689
relation_1751840,Silopi,TR73-districts,Şırnak,Silopi,13208,53920
relation_1751841,Uludere,TR73-districts,Şırnak,Uludere,5211,14127
relation_1507008,Akincilar,TR58-districts,Sivas,Akıncılar,2698,750
relation_1742197,Altinyayla,TR58-districts,Sivas,Altınyayla,4621,793
relation_1483861,Divrigi,TR58-districts,Sivas,Divriği,3541,8394
relation_1843703,Dogansar,TR58-districts,Sivas,Doğanşar,1823,145
relation_1335056,Gemerek,TR58-districts,Sivas,Gemerek,8502,5283
relation_1507010,Golova,TR58-districts,Sivas,Gölova,1837,342
relation_1731766,Gurun,TR58-districts,Sivas,Gürün,7940,3420
relation_1742198,Hafik,TR58-districts,Sivas,Hafik,3930,2489
relation_1503860,Imranli,TR58-districts,Sivas,İmranlı,1828,3272
relation_1482222,Kangal,TR58-districts,Sivas,Kangal,8355,4978
relation_1493876,Koyulhisar,TR58-districts,Sivas,Koyulhisar,6547,1931
relation_1440079,Sivas merkez,TR58-districts,Sivas,Merkez,177594,54805
relation_1335055,Sarkisla,TR58-districts,Sivas,Şarkışla,17094,5995
relation_1502459,Susehri,TR58-districts,Sivas,Suşehri,13927,2741
relation_1742199,Ulas,TR58-districts,Sivas,Ulaş,4274,1335
relation_1438944,Yildizeli,TR58-districts,Sivas,Yıldızeli,14317,3706
relation_1493364,Zara,TR58-districts,Sivas,Zara,9308,5703
relation_1771126,Cerkezkoy,TR59-districts,Tekirdağ,Çerkezköy,60526,62967
relation_1771127,Corlu,TR59-districts,Tekirdağ,Çorlu,67067,121813
relation_3525530,Ergene,TR59-districts,Tekirdağ,Ergene,18257,25938
relation_1771120,Hayrabolu,TR59-districts,Tekirdağ,Hayrabolu,8672,12942
relation_3527588,Kapakli,TR59-districts,Tekirdağ,Kapaklı,45934,39189
relation_1771121,Malkara,TR59-districts,Tekirdağ,Malkara,15625,20824
relation_1771122,Marmara Ereglisi,TR59-districts,Tekirdağ,Marmara Ereğlisi,7431,12901
relation_1771123,Muratli,TR59-districts,Tekirdağ,Muratlı,6987,13985
relation_1771124,Saray,TR59-districts,Tekirdağ,Saray,11754,23913
relation_1771128,Sarkoy,TR59-districts,Tekirdağ,Şarköy,8544,15307
relation_1771125,Suleymanpasa,TR59-districts,Tekirdağ,Süleymanpaşa,51436,91036
relation_1804073,Almus,TR60-districts,Tokat,Almus,6964,6530
relation_1804176,Artova,TR60-districts,Tokat,Artova,3807,1514
relation_1802583,Basciftlik,TR60-districts,Tokat,Başçiftlik,1963,761
relation_1802575,Erbaa,TR60-districts,Tokat,Erbaa,45542,18867
relation_1804178,Tokat merkez,TR60-districts,Tokat,Merkez,89801,40268
relation_1804071,Niksar,TR60-districts,Tokat,Niksar,25775,15212
relation_1804177,Pazar,TR60-districts,Tokat,Pazar,7383,1721
relation_1802584,Resadiye,TR60-districts,Tokat,Reşadiye,13538,5106
relation_1804160,Sulusaray,TR60-districts,Tokat,Sulusaray,3643,562
relation_1804179,Turhal,TR60-districts,Tokat,Turhal,32782,20584
relation_1804161,Yesilyurt,TR60-districts,Tokat,Yeşilyurt,4205,1063
relation_1804180,Zile,TR60-districts,Tokat,Zile,19844,17581
relation_1236156,Akcaabat,TR-61-counties,Trabzon,Akçaabat,58260,24718
relation_1236151,Arakli,TR-61-counties,Trabzon,Araklı,24958,4396
relation_1236155,Arsin,TR-61-counties,Trabzon,Arsin,16324,3505
relation_1236144,Besikduzu,TR-61-counties,Trabzon,Beşikdüzü,7051,7831
relation_1236159,Carsibasi,TR-61-counties,Trabzon,Çarşıbaşı,7817,2782
relation_1236158,Caykara,TR-61-counties,Trabzon,Çaykara,7150,2007
relation_1236146,Dernekpazari,TR-61-counties,Trabzon,Dernekpazarı,2333,419
relation_1236145,Duzkoy,TR-61-counties,Trabzon,Düzköy,5935,2866
relation_1236143,Hayrat,TR-61-counties,Trabzon,Hayrat,5262,542
relation_1236149,Koprubasi,TR-61-counties,Trabzon,Köprübaşı,2659,398
relation_1236152,Macka,TR-61-counties,Trabzon,Maçka,12717,4760
relation_1236154,Of,TR-61-counties,Trabzon,Of,24983,4640
relation_1236157,Ortahisar,TR-61-counties,Trabzon,Ortahisar,126426,80257
relation_1236160,Salpazari,TR-61-counties,Trabzon,Şalpazarı,5885,1972
relation_1236153,Surmene,TR-61-counties,Trabzon,Sürmene,12813,3840
relation_1236148,Tonya,TR-61-counties,Trabzon,Tonya,5895,3429
relation_1236150,Vakfikebir,TR-61-counties,Trabzon,Vakfıkebir,13135,5362
relation_1236147,Yomra,TR-61-counties,Trabzon,Yomra,19312,8331
relation_1829331,Cemisgezek,TR62-districts,Tunceli,Çemişgezek,2586,2299
relation_1829324,Hozat,TR62-districts,Tunceli,Hozat,513,3308
relation_1829325,Mazgirt,TR62-districts,Tunceli,Mazgirt,732,4681
relation_1829330,Tunceli merkez,TR62-districts,Tunceli,Merkez,3101,21996
relation_1829326,Nazimiye,TR62-districts,Tunceli,Nazımiye,265,2133
relation_1829327,Ovacik,TR62-districts,Tunceli,Ovacık,471,4388
relation_1829328,Pertek,TR62-districts,Tunceli,Pertek,1796,5873
relation_1829329,Pulumur,TR62-districts,Tunceli,Pülümür,314,2434
relation_1609673,Banaz,TR64-districts,Uşak,Banaz,12671,11048
relation_1609670,Esme,TR64-districts,Uşak,Eşme,10548,13104
relation_1609674,Karahalli,TR64-districts,Uşak,Karahallı,3733,3212
relation_1609669,Usak merkez,TR64-districts,Uşak,Merkez,86037,79948
relation_1609671,Sivasli,TR64-districts,Uşak,Sivaslı,6907,6531
relation_1609672,Ulubey,TR64-districts,Uşak,Ulubey,3881,4972
relation_1778676,Bahcesaray,TR65-districts,Van,Bahçesaray,3540,2322
relation_1778014,Baskale,TR65-districts,Van,Başkale,4341,14544
relation_1779035,Caldiran,TR65-districts,Van,Çaldıran,6088,14135
relation_1778679,Catak,TR65-districts,Van,Çatak,3427,5488
relation_1778677,Edremit,TR65-districts,Van,Edremit,23059,39585
relation_1779032,Ercis,TR65-districts,Van,Erciş,31225,35518
relation_1778678,Gevas,TR65-districts,Van,Gevaş,7185,6374
relation_1778557,Gurpinar,TR65-districts,Van,Gürpınar,6770,7755
relation_3678626,Ipekyolu,TR65-districts,Van,İpekyolu,67369,107413
relation_1779033,Muradiye,TR65-districts,Van,Muradiye,5944,10796
relation_1779036,Ozalp,TR65-districts,Van,Özalp,4489,18430
relation_1779034,Saray,TR65-districts,Van,Saray,2192,5554
relation_1778550,Tusba,TR65-districts,Van,Tuşba,27407,40507
relation_1840930,Altinova,TR77-districts,Yalova,Altınova,11041,8247
relation_1840931,Armutlu,TR77-districts,Yalova,Armutlu,4276,2891
relation_1840934,Ciftlikkoy,TR77-districts,Yalova,Çiftlikköy,14969,15310
relation_1840935,Cinarcik,TR77-districts,Yalova,Çınarcık,10542,12252
relation_1840933,Yalova merkez,TR77-districts,Yalova,Merkez,41937,43697
relation_1840932,Termal,TR77-districts,Yalova,Termal,2447,1402
relation_1559325,Akdagmadeni,TR66-districts,Yozgat,Akdağmadeni,17842,4127
relation_1561852,Aydincik,TR66-districts,Yozgat,Aydıncık,5457,1322
relation_1561855,Bogazliyan,TR66-districts,Yozgat,Boğazlıyan,13516,7828
relation_1561848,Candir,TR66-districts,Yozgat,Çandır,1859,855
relation_1561853,Cayiralan,TR66-districts,Yozgat,Çayıralan,4501,2113
relation_1561851,Cekerek,TR66-districts,Yozgat,Çekerek,9850,2544
relation_1561845,Kadisehri,TR66-districts,Yozgat,Kadışehri,5618,849
relation_1561849,Yozgat merkez,TR66-districts,Yozgat,Merkez,46474,16487
relation_1561846,Saraykent,TR66-districts,Yozgat,Saraykent,5461,641
relation_1561850,Sarikaya,TR66-districts,Yozgat,Sarıkaya,15448,3023
relation_1561854,Sefaatli,TR66-districts,Yozgat,Şefaatli,6458,2888
relation_1561856,Sorgun,TR66-districts,Yozgat,Sorgun,40727,8364
relation_1561847,Yenifakili,TR66-districts,Yozgat,Yenifakılı,2186,1531
relation_1240430,Yerkoy,TR66-districts,Yozgat,Yerköy,15527,6526
relation_1793737,Alapli,TR67-districts,Zonguldak,Alaplı,18733,10032
relation_1830383,Caycuma,TR67-districts,Zonguldak,Çaycuma,35026,28141
relation_1840248,Devrek,TR67-districts,Zonguldak,Devrek,23907,13346
relation_1840250,Eregli,TR67-districts,Zonguldak,Ereğli,63686,52398
relation_1840249,Gokcebey,TR67-districts,Zonguldak,Gökçebey,7722,6364
relation_3680552,Kilimli,TR67-districts,Zonguldak,Kilimli,11196,10844
relation_3680519,Kozlu,TR67-districts,Zonguldak,Kozlu,16554,14103
relation_1840251,Zonguldak merkez,TR67-districts,Zonguldak,Merkez,35167,39631
relation_11643224,Altınkent Mahallesi,TR41-neighborhoods,Kocaeli,Başiskele,1299,772
relation_11629509,Atakent Mahallesi,TR41-neighborhoods,Kocaeli,Başiskele,1414,1448
relation_11643211,Aydınkent Mahallesi,TR41-neighborhoods,Kocaeli,Başiskele,1036,832
relation_11643158,Barbaros Mahallesi,TR41-neighborhoods,Kocaeli,Başiskele,5759,3104
relation_11629513,Sahil Mahallesi,TR41-neighborhoods,Kocaeli,Başiskele,647,353
relation_11643196,Damlar Mahallesi,TR41-neighborhoods,Kocaeli,Başiskele,1128,1056
relation_11643212,Fatih Mahallesi,TR41-neighborhoods,Kocaeli,Başiskele,3819,1519
relation_11932060,Havuzlubahçe Mahallesi,TR41-neighborhoods,Kocaeli,Başiskele,417,266
relation_11643022,Karadenizliler Mahallesi,TR41-neighborhoods,Kocaeli,Başiskele,1189,167
relation_11629512,Karşıyaka Mahallesi,TR41-neighborhoods,Kocaeli,Başiskele,178,72
relation_11932059,Bahçecik Kılıçarslan Mahallesi,TR41-neighborhoods,Kocaeli,Başiskele,1065,928
relation_11643195,Kullar Yakacık Mahallesi,TR41-neighborhoods,Kocaeli,Başiskele,933,308
relation_11629514,Körfez Mahallesi,TR41-neighborhoods,Kocaeli,Başiskele,1377,940
relation_11643021,Mahmutpaşa Mahallesi,TR41-neighborhoods,Kocaeli,Başiskele,1531,1407
relation_11643019,Kullar Merkez Mahallesi,TR41-neighborhoods,Kocaeli,Başiskele,700,253
relation_11643157,Döngel Mahallesi,TR41-neighborhoods,Kocaeli,Başiskele,1300,746
relation_11643024,Ovacık Mahallesi,TR41-neighborhoods,Kocaeli,Başiskele,461,203
relation_11643201,Paşadağ Mahallesi,TR41-neighborhoods,Kocaeli,Başiskele,1720,925
relation_9615776,Sepetlipınar Mahallesi,TR41-neighborhoods,Kocaeli,Başiskele,513,290
relation_11643107,Serdar Mahallesi,TR41-neighborhoods,Kocaeli,Başiskele,3232,1793
relation_11629511,Seymen Mahallesi,TR41-neighborhoods,Kocaeli,Başiskele,1696,1286
relation_11643194,Kullar Tepecik Mahallesi,TR41-neighborhoods,Kocaeli,Başiskele,578,157
relation_11643023,Vezirçiftliği Mahallesi,TR41-neighborhoods,Kocaeli,Başiskele,1715,455
relation_11643020,Yaylacık Mahallesi,TR41-neighborhoods,Kocaeli,Başiskele,1334,526
relation_11629510,Yeniköy Merkez Mahallesi,TR41-neighborhoods,Kocaeli,Başiskele,2370,1765
relation_11932057,Yeşilkent Mahallesi,TR41-neighborhoods,Kocaeli,Başiskele,1198,929
relation_11643018,Yeşilyurt Mahallesi,TR41-neighborhoods,Kocaeli,Başiskele,5149,2854
relation_11643226,Yuvacık Yakacık Mahallesi,TR41-neighborhoods,Kocaeli,Başiskele,896,92
relation_11932058,Bahçecik Şehitekrem Mahallesi,TR41-neighborhoods,Kocaeli,Başiskele,725,688
relation_11932132,Servetiye Karşı Mahalle,TR41-neighborhoods,Kocaeli,Başiskele,296,43
relation_11932205,Aksığın Mahallesi,TR41-neighborhoods,Kocaeli,Başiskele,142,9
relation_11932212,Serindere Mahallesi,TR41-neighborhoods,Kocaeli,Başiskele,111,16
relation_11932204,Camidüzü Mahallesi,TR41-neighborhoods,Kocaeli,Başiskele,176,10
relation_11643193,Doğantepe Mahallesi,TR41-neighborhoods,Kocaeli,Başiskele,1204,167
relation_11932206,Kazandere Mahallesi,TR41-neighborhoods,Kocaeli,Başiskele,99,11
relation_11932207,Servetiye Cami Mahallesi,TR41-neighborhoods,Kocaeli,Başiskele,238,32
relation_11932213,Tepecik Mahallesi,TR41-neighborhoods,Kocaeli,Başiskele,194,16
relation_8401406,Akse Mahallesi,TR41-neighborhoods,Kocaeli,Çayırova,6931,7697
relation_8400951,Atatürk Mahallesi,TR41-neighborhoods,Kocaeli,Çayırova,7487,4449
relation_8400947,Emek Mahallesi,TR41-neighborhoods,Kocaeli,Çayırova,4000,3771
relation_8400888,Yeni Mahalle,TR41-neighborhoods,Kocaeli,Çayırova,9596,3732
relation_8400936,Çayırova Mahallesi,TR41-neighborhoods,Kocaeli,Çayırova,5537,2531
relation_8400935,Özgürlük Mahallesi,TR41-neighborhoods,Kocaeli,Çayırova,13742,8222
relation_8400946,İnönü Mahallesi,TR41-neighborhoods,Kocaeli,Çayırova,2701,4138
relation_8401000,Şekerpınar Mahallesi,TR41-neighborhoods,Kocaeli,Çayırova,1226,552
relation_8400991,Cumhuriyet Mahallesi,TR41-neighborhoods,Kocaeli,Çayırova,3659,3439
relation_9901610,Abdi İpekçi Mahallesi,TR41-neighborhoods,Kocaeli,Darıca,5554,2907
relation_9901603,Bayramoğlu Mahallesi,TR41-neighborhoods,Kocaeli,Darıca,2489,3472
relation_9901608,Bağlarbaşı Mahallesi,TR41-neighborhoods,Kocaeli,Darıca,8898,9573
relation_9901601,Cami Mahallesi,TR41-neighborhoods,Kocaeli,Darıca,2584,3519
relation_9901599,Emek Mahallesi,TR41-neighborhoods,Kocaeli,Darıca,5120,3623
relation_9901609,Fevziçakmak Mahallesi,TR41-neighborhoods,Kocaeli,Darıca,7353,5449
relation_9901607,Kazımkarabekir Mahallesi,TR41-neighborhoods,Kocaeli,Darıca,16534,11072
relation_9901598,Nenehatun Mahallesi,TR41-neighborhoods,Kocaeli,Darıca,9759,6189
relation_9901600,Osmangazi Mahallesi,TR41-neighborhoods,Kocaeli,Darıca,11174,8171
relation_9901602,Piri Reis Mahallesi,TR41-neighborhoods,Kocaeli,Darıca,2779,3469
relation_9901597,Sırasöğütler Mahallesi,TR41-neighborhoods,Kocaeli,Darıca,6110,4099
relation_9901606,Yalı Mahallesi,TR41-neighborhoods,Kocaeli,Darıca,334,466
relation_9901605,Yeni Mahalle,TR41-neighborhoods,Kocaeli,Darıca,532,750
relation_9901604,Zincirlikuyu Mahallesi,TR41-neighborhoods,Kocaeli,Darıca,450,643
relation_11638133,Deniz Mahallesi,TR41-neighborhoods,Kocaeli,Derince,706,552
relation_11638134,Dumlupınar Mahallesi,TR41-neighborhoods,Kocaeli,Derince,2826,2766
relation_11638225,Fatih Sultan Mahallesi,TR41-neighborhoods,Kocaeli,Derince,3802,3033
relation_11638226,Mersincik Mahallesi,TR41-neighborhoods,Kocaeli,Derince,892,739
relation_11638229,Sırrıpaşa Mahallesi,TR41-neighborhoods,Kocaeli,Derince,8869,4415
relation_11638135,Yavuz Sultan Mahallesi,TR41-neighborhoods,Kocaeli,Derince,5220,6508
relation_11638224,Yenikent Mahallesi,TR41-neighborhoods,Kocaeli,Derince,7694,10880
relation_11638228,Çenedağ Mahallesi,TR41-neighborhoods,Kocaeli,Derince,6609,4473
relation_11638227,Çınarlı Mahallesi,TR41-neighborhoods,Kocaeli,Derince,8144,6236
relation_11638230,İbnisina Mahallesi,TR41-neighborhoods,Kocaeli,Derince,6181,4082
relation_11642398,Terziler Mahallesi,TR41-neighborhoods,Kocaeli,Derince,66,30
relation_11638324,Geredeli Mahallesi,TR41-neighborhoods,Kocaeli,Derince,278,65
relation_11638427,Tahtalı Mahallesi,TR41-neighborhoods,Kocaeli,Derince,249,147
relation_11638425,Karagöllü Mahallesi,TR41-neighborhoods,Kocaeli,Derince,331,84
relation_11638274,Kaşıkçı Mahallesi,TR41-neighborhoods,Kocaeli,Derince,193,73
relation_11638266,Toylar Mahallesi,TR41-neighborhoods,Kocaeli,Derince,63,27
relation_11638426,Çavuşlu Mahallesi,TR41-neighborhoods,Kocaeli,Derince,344,160
relation_11629042,Cumhuriyet Mahallesi,TR41-neighborhoods,Kocaeli,Dilovası,1102,569
relation_11018334,Diliskelesi Mahallesi,TR41-neighborhoods,Kocaeli,Dilovası,3181,2645
relation_11629041,Fatih Mahallesi,TR41-neighborhoods,Kocaeli,Dilovası,105,40
relation_11629046,Kayapınar Mahallesi,TR41-neighborhoods,Kocaeli,Dilovası,1019,740
relation_11629043,Mimar Sinan Mahallesi,TR41-neighborhoods,Kocaeli,Dilovası,3874,2814
relation_11629044,Orhangazi Mahallesi,TR41-neighborhoods,Kocaeli,Dilovası,3514,3399
relation_11629047,Tavşancıl Mahallesi,TR41-neighborhoods,Kocaeli,Dilovası,788,794
relation_11629045,Turgut Özal Mahallesi,TR41-neighborhoods,Kocaeli,Dilovası,557,778
relation_11629048,Demirciler Mahallesi,TR41-neighborhoods,Kocaeli,Dilovası,289,93
relation_11629050,Köseler Mahallesi,TR41-neighborhoods,Kocaeli,Dilovası,1623,622
relation_11629049,Çerkeşli Mahallesi,TR41-neighborhoods,Kocaeli,Dilovası,474,324
relation_11629051,Tepecik Mahallesi,TR41-neighborhoods,Kocaeli,Dilovası,248,158
relation_9903115,Adem Yavuz Mahallesi,TR41-neighborhoods,Kocaeli,Gebze,5775,3066
relation_10752429,Arapçeşme Mahallesi,TR41-neighborhoods,Kocaeli,Gebze,13730,8306
relation_10752433,Barış Mahallesi,TR41-neighborhoods,Kocaeli,Gebze,6407,4721
relation_9903138,Beylikbağı Mahallesi,TR41-neighborhoods,Kocaeli,Gebze,6196,1749
relation_9903116,Cumhuriyet Mahallesi,TR41-neighborhoods,Kocaeli,Gebze,3168,2504
relation_10752431,Gaziler Mahallesi,TR41-neighborhoods,Kocaeli,Gebze,9295,5325
relation_10752427,Güzeller Mahallesi,TR41-neighborhoods,Kocaeli,Gebze,7534,6082
relation_10752435,Hacıhalil Mahallesi,TR41-neighborhoods,Kocaeli,Gebze,2945,3634
relation_9903927,Hürriyet Mahallesi,TR41-neighborhoods,Kocaeli,Gebze,5089,1962
relation_10752439,Köşklü Çeşme Mahallesi,TR41-neighborhoods,Kocaeli,Gebze,10488,7513
relation_11628389,Kirazpınar Mahallesi,TR41-neighborhoods,Kocaeli,Gebze,4453,3141
relation_10395433,Mevlana Mahallesi,TR41-neighborhoods,Kocaeli,Gebze,6754,4912
relation_10752434,Mustafapaşa Mahallesi,TR41-neighborhoods,Kocaeli,Gebze,8006,5514
relation_9903114,Mimar Sinan Mahallesi,TR41-neighborhoods,Kocaeli,Gebze,7129,3371
relation_10752438,Osman Yılmaz Mahallesi,TR41-neighborhoods,Kocaeli,Gebze,10110,12021
relation_10752428,Sultan Orhan Mahallesi,TR41-neighborhoods,Kocaeli,Gebze,5003,2649
relation_10752436,Tatlıkuyu Mahallesi,TR41-neighborhoods,Kocaeli,Gebze,6710,4588
relation_9903928,Ulus Mahallesi,TR41-neighborhoods,Kocaeli,Gebze,7144,2267
relation_9903936,Yavuz Selim Mahallesi,TR41-neighborhoods,Kocaeli,Gebze,4899,2010
relation_10752432,Yenikent Mahallesi,TR41-neighborhoods,Kocaeli,Gebze,4928,6176
relation_10752430,İnönü Mahallesi,TR41-neighborhoods,Kocaeli,Gebze,4244,3592
relation_10752437,İstasyon Mahallesi,TR41-neighborhoods,Kocaeli,Gebze,7186,4366
relation_11628812,Duraklı Mahallesi,TR41-neighborhoods,Kocaeli,Gebze,149,94
relation_11628301,Balçık Mahallesi,TR41-neighborhoods,Kocaeli,Gebze,501,331
relation_11628438,Mollafenari Mahallesi,TR41-neighborhoods,Kocaeli,Gebze,687,121
relation_11628545,Denizli Mahallesi,TR41-neighborhoods,Kocaeli,Gebze,579,209
relation_11628810,Hatipler Mahallesi,TR41-neighborhoods,Kocaeli,Gebze,196,48
relation_11628449,Kadıllı Mahallesi,TR41-neighborhoods,Kocaeli,Gebze,339,103
relation_11628633,Yağcılar Mahallesi,TR41-neighborhoods,Kocaeli,Gebze,77,80
relation_11628811,Ahatlı Mahallesi,TR41-neighborhoods,Kocaeli,Gebze,76,45
relation_11628407,Pelitli Mahallesi,TR41-neighborhoods,Kocaeli,Gebze,583,676
relation_11628809,Tepemanayır Mahallesi,TR41-neighborhoods,Kocaeli,Gebze,115,29
relation_11628540,Cumaköy Mahallesi,TR41-neighborhoods,Kocaeli,Gebze,1025,203
relation_11628550,Mudarlı Mahallesi,TR41-neighborhoods,Kocaeli,Gebze,246,107
relation_2594134,Muallim Mahallesi,TR41-neighborhoods,Kocaeli,Gebze,347,322
relation_2594083,Eskihisar Mahallesi,TR41-neighborhoods,Kocaeli,Gebze,207,315
relation_11628813,Elbizli Mahallesi,TR41-neighborhoods,Kocaeli,Gebze,76,27
relation_11628814,Kargalı Mahallesi,TR41-neighborhoods,Kocaeli,Gebze,213,152
relation_11628499,Ovacık Mahallesi,TR41-neighborhoods,Kocaeli,Gebze,311,137
relation_11628416,Tavşanlı Mahallesi,TR41-neighborhoods,Kocaeli,Gebze,1113,382
relation_12089803,Atatürk Mahallesi,TR41-neighborhoods,Kocaeli,Gölcük,1799,3866
relation_12103788,Cumhuriyet Mahallesi,TR41-neighborhoods,Kocaeli,Gölcük,1394,1778
relation_11629517,Deniz Evler Mahallesi,TR41-neighborhoods,Kocaeli,Gölcük,361,79
relation_11650364,Değirmendere Merkez Mahallesi,TR41-neighborhoods,Kocaeli,Gölcük,1345,3167
relation_11650363,Değirmendere Yalı Mahallesi,TR41-neighborhoods,Kocaeli,Gölcük,1268,2279
relation_12089801,Donanma Mahallesi,TR41-neighborhoods,Kocaeli,Gölcük,3871,2643
relation_11629515,Dumlupınar Mahallesi,TR41-neighborhoods,Kocaeli,Gölcük,1945,1132
relation_12089799,Düzağaç Mahallesi,TR41-neighborhoods,Kocaeli,Gölcük,1266,944
relation_12122214,Halıdere Yalı Mahallesi,TR41-neighborhoods,Kocaeli,Gölcük,1118,487
relation_12122215,Halıdere Yeni Mahallesi,TR41-neighborhoods,Kocaeli,Gölcük,140,182
relation_11645595,Hisareyn Merkez Mahallesi,TR41-neighborhoods,Kocaeli,Gölcük,1291,810
relation_11644872,Karaköprü Mahallesi,TR41-neighborhoods,Kocaeli,Gölcük,2485,1385
relation_11629516,Kavaklı Mahallesi,TR41-neighborhoods,Kocaeli,Gölcük,2835,1666
relation_12122249,Körfez Mahallesi,TR41-neighborhoods,Kocaeli,Gölcük,825,519
relation_11650348,Merkez Mahallesi,TR41-neighborhoods,Kocaeli,Gölcük,2179,2591
relation_11651440,Piyalepaşa Mahallesi,TR41-neighborhoods,Kocaeli,Gölcük,5076,2219
relation_12089802,Topçular Mahallesi,TR41-neighborhoods,Kocaeli,Gölcük,2110,5218
relation_12122251,Ulaşlı Yalı Mahallesi,TR41-neighborhoods,Kocaeli,Gölcük,322,209
relation_12122250,Ulaşlı Yavuz Sultan Selim Mahallesi,TR41-neighborhoods,Kocaeli,Gölcük,821,506
relation_11645258,Yazlık Merkez Mahallesi,TR41-neighborhoods,Kocaeli,Gölcük,1052,359
relation_11644873,Yazlık Yeni Mahallesi,TR41-neighborhoods,Kocaeli,Gölcük,2011,874
relation_11651438,Yeni Mahallesi,TR41-neighborhoods,Kocaeli,Gölcük,3294,1939
relation_12103787,Yukarı Mahallesi,TR41-neighborhoods,Kocaeli,Gölcük,930,761
relation_12089800,Yunus Emre Mahallesi,TR41-neighborhoods,Kocaeli,Gölcük,975,686
relation_11650347,Yüzbaşılar Mahallesi,TR41-neighborhoods,Kocaeli,Gölcük,1120,3140
relation_11644888,Çiftlik Mahallesi,TR41-neighborhoods,Kocaeli,Gölcük,6856,3020
relation_12089798,İhsaniye Merkez Mahallesi,TR41-neighborhoods,Kocaeli,Gölcük,1678,1196
relation_11651437,İpek Yolu Mahallesi,TR41-neighborhoods,Kocaeli,Gölcük,2232,1197
relation_11651439,Şehitler Mahallesi,TR41-neighborhoods,Kocaeli,Gölcük,4470,2167
relation_11651436,Şirinköy Mahallesi,TR41-neighborhoods,Kocaeli,Gölcük,3873,2189
relation_12322169,Selimiye Mahallesi,TR41-neighborhoods,Kocaeli,Gölcük,262,53
relation_12322178,Nimetiye Mahallesi,TR41-neighborhoods,Kocaeli,Gölcük,68,20
relation_12915589,Sofular Mahallesi,TR41-neighborhoods,Kocaeli,Gölcük,91,16
relation_12918890,Siyretiye Mahallesi,TR41-neighborhoods,Kocaeli,Gölcük,182,22
relation_12918871,Şevketiye Mahallesi,TR41-neighborhoods,Kocaeli,Gölcük,121,16
relation_12322170,Hamidiye Mahallesi,TR41-neighborhoods,Kocaeli,Gölcük,458,127
relation_12915588,Ayvazpınarı Mahallesi,TR41-neighborhoods,Kocaeli,Gölcük,85,16
relation_12322180,Panayır Mahallesi,TR41-neighborhoods,Kocaeli,Gölcük,244,22
relation_12918872,İcadiye Mahallesi,TR41-neighborhoods,Kocaeli,Gölcük,158,15
relation_12322175,Hasaneyn Mahallesi,TR41-neighborhoods,Kocaeli,Gölcük,328,50
relation_12322201,Ferhadiye Mahallesi,TR41-neighborhoods,Kocaeli,Gölcük,136,56
relation_12918899,Mamuriye Mahallesi,TR41-neighborhoods,Kocaeli,Gölcük,176,26
relation_12918870,Mesruriye Mahallesi,TR41-neighborhoods,Kocaeli,Gölcük,113,18
relation_12322186,Ümmiye Mahallesi,TR41-neighborhoods,Kocaeli,Gölcük,107,20
relation_12918903,Eskiferhadiye Mahallesi,TR41-neighborhoods,Kocaeli,Gölcük,34,8
relation_12122199,Örcün Mahallesi,TR41-neighborhoods,Kocaeli,Gölcük,321,330
relation_12918949,Nüzhetiye Mahallesi,TR41-neighborhoods,Kocaeli,Gölcük,192,154
relation_12122198,Saraylı Mahallesi,TR41-neighborhoods,Kocaeli,Gölcük,271,234
relation_12322163,Lütfiye Mahallesi,TR41-neighborhoods,Kocaeli,Gölcük,132,58
relation_12918948,İrşadiye Mahallesi,TR41-neighborhoods,Kocaeli,Gölcük,273,29
relation_7756005,28 Haziran Mahallesi,TR41-neighborhoods,Kocaeli,İzmit,3818,2980
relation_11641305,Akarca Mahallesi,TR41-neighborhoods,Kocaeli,İzmit,472,1100
relation_3268045,Akmeşe Atatürk Mahallesi,TR41-neighborhoods,Kocaeli,İzmit,308,236
relation_3268046,Akmeşe Cumhuriyet Mahallesi,TR41-neighborhoods,Kocaeli,İzmit,272,346
relation_11641179,Akçakoca Mahallesi,TR41-neighborhoods,Kocaeli,İzmit,559,886
relation_11641382,Alikahya Atatürk Mahallesi,TR41-neighborhoods,Kocaeli,İzmit,3014,2785
relation_11641304,Alikahya Cumhuriyet Mahallesi,TR41-neighborhoods,Kocaeli,İzmit,1262,3115
relation_11641036,Alikahya Fatih Mahallesi,TR41-neighborhoods,Kocaeli,İzmit,3010,2863
relation_11641323,Alikahya Merkez Mahallesi,TR41-neighborhoods,Kocaeli,İzmit,1861,768
relation_11642834,Ayazma Mahallesi,TR41-neighborhoods,Kocaeli,İzmit,1730,1868
relation_7756086,Bekirdere Mahallesi,TR41-neighborhoods,Kocaeli,İzmit,3831,1873
relation_11629253,Cedit Mahallesi,TR41-neighborhoods,Kocaeli,İzmit,1520,1646
relation_11642006,Cumhuriyet Mahallesi,TR41-neighborhoods,Kocaeli,İzmit,1098,2695
relation_11642032,Doğan Mahallesi,TR41-neighborhoods,Kocaeli,İzmit,1850,1113
relation_7756004,Erenler Mahallesi,TR41-neighborhoods,Kocaeli,İzmit,4051,3402
relation_11641539,Fatih Mahallesi,TR41-neighborhoods,Kocaeli,İzmit,1403,705
relation_11641303,Fevzi Çakmak Mahallesi,TR41-neighborhoods,Kocaeli,İzmit,949,2572
relation_11641542,Gültepe Mahallesi,TR41-neighborhoods,Kocaeli,İzmit,1405,974
relation_11642835,Gündoğdu Mahallesi,TR41-neighborhoods,Kocaeli,İzmit,3573,2670
relation_11641180,Hacıhasan Mahallesi,TR41-neighborhoods,Kocaeli,İzmit,428,760
relation_11640986,Hacıhızır Mahallesi,TR41-neighborhoods,Kocaeli,İzmit,1338,1461
relation_11642105,Hatipköy Mahallesi,TR41-neighborhoods,Kocaeli,İzmit,722,576
relation_7755941,Kadıköy Mahallesi,TR41-neighborhoods,Kocaeli,İzmit,4023,3793
relation_11629255,Karabaş Mahallesi,TR41-neighborhoods,Kocaeli,İzmit,1513,2789
relation_11641302,Karadenizliler Mahallesi,TR41-neighborhoods,Kocaeli,İzmit,1184,714
relation_11640987,Kemalpaşa Mahallesi,TR41-neighborhoods,Kocaeli,İzmit,156,351
relation_11642033,Kocatepe Mahallesi,TR41-neighborhoods,Kocaeli,İzmit,1647,1501
relation_11641181,Kozluk Mahallesi,TR41-neighborhoods,Kocaeli,İzmit,1851,3397
relation_11642034,Kuruçeşme Fatih Mahallesi,TR41-neighborhoods,Kocaeli,İzmit,2464,1938
relation_11629257,Körfez Mahallesi,TR41-neighborhoods,Kocaeli,İzmit,1444,1601
relation_7755940,Mehmet Ali Paşa Mahallesi,TR41-neighborhoods,Kocaeli,İzmit,4675,2701
relation_11642836,Malta Mahallesi,TR41-neighborhoods,Kocaeli,İzmit,2022,2209
relation_11641415,Orhan Mahallesi,TR41-neighborhoods,Kocaeli,İzmit,1238,2516
relation_11629256,Sanayi Mahallesi,TR41-neighborhoods,Kocaeli,İzmit,1073,433
relation_11642008,Serdar Mahallesi,TR41-neighborhoods,Kocaeli,İzmit,4499,2714
relation_7755938,Tavşantepe Mahallesi,TR41-neighborhoods,Kocaeli,İzmit,4944,2381
relation_11640988,Tepecik Mahallesi,TR41-neighborhoods,Kocaeli,İzmit,296,600
relation_11642833,Tepeköy Mahallesi,TR41-neighborhoods,Kocaeli,İzmit,4538,2684
relation_11640985,Terzibayırı Mahallesi,TR41-neighborhoods,Kocaeli,İzmit,660,566
relation_11640984,Topçular Mahallesi,TR41-neighborhoods,Kocaeli,İzmit,2702,3236
relation_11641414,Turgut Mahallesi,TR41-neighborhoods,Kocaeli,İzmit,3020,2901
relation_11642775,Tüysüzler Mahallesi,TR41-neighborhoods,Kocaeli,İzmit,849,1407
relation_11641178,Veliahmet Mahallesi,TR41-neighborhoods,Kocaeli,İzmit,1036,1389
relation_11641037,Yahyakaptan Mahallesi,TR41-neighborhoods,Kocaeli,İzmit,3074,11560
relation_11642007,Yeni Mahalle,TR41-neighborhoods,Kocaeli,İzmit,3147,2669
relation_11641540,Yenidoğan Mahallesi,TR41-neighborhoods,Kocaeli,İzmit,2339,1758
relation_7755939,Yenişehir Mahallesi,TR41-neighborhoods,Kocaeli,İzmit,9828,5612
relation_7766955,Yeşilova Mahallesi,TR41-neighborhoods,Kocaeli,İzmit,5806,2617
relation_11641541,Zabıtan Mahallesi,TR41-neighborhoods,Kocaeli,İzmit,972,892
relation_11629252,Çukurbağ Mahallesi,TR41-neighborhoods,Kocaeli,İzmit,1025,1420
relation_11629254,Ömerağa Mahallesi,TR41-neighborhoods,Kocaeli,İzmit,282,570
relation_11642035,Şirintepe Mahallesi,TR41-neighborhoods,Kocaeli,İzmit,2230,3244
relation_11932345,Çayırköy Mahallesi,TR41-neighborhoods,Kocaeli,İzmit,793,853
relation_11957137,Sultaniye Mahallesi,TR41-neighborhoods,Kocaeli,İzmit,67,44
relation_11955961,Emirhan Mahallesi,TR41-neighborhoods,Kocaeli,İzmit,244,72
relation_11955967,Bayraktar Mahallesi,TR41-neighborhoods,Kocaeli,İzmit,58,677
relation_11744523,Sekbanlı Mahallesi,TR41-neighborhoods,Kocaeli,İzmit,114,37
relation_11958722,Çubuklubala Mahallesi,TR41-neighborhoods,Kocaeli,İzmit,180,45
relation_11956965,Fethiye Mahallesi,TR41-neighborhoods,Kocaeli,İzmit,22,50
relation_11956670,Karaabdülbaki Mahallesi,TR41-neighborhoods,Kocaeli,İzmit,242,109
relation_11958719,Orhaniye Mahallesi,TR41-neighborhoods,Kocaeli,İzmit,203,85
relation_11957125,Bağlıca Mahallesi,TR41-neighborhoods,Kocaeli,İzmit,130,80
relation_11955960,Eseler Mahallesi,TR41-neighborhoods,Kocaeli,İzmit,174,60
relation_11958800,Kulmahmut Mahallesi,TR41-neighborhoods,Kocaeli,İzmit,144,52
relation_11955962,Yassıbağ Mahallesi,TR41-neighborhoods,Kocaeli,İzmit,374,206
relation_11642776,Arızlı Mahallesi,TR41-neighborhoods,Kocaeli,İzmit,336,144
relation_11957147,Gülbahçe Kadriye Mahallesi,TR41-neighborhoods,Kocaeli,İzmit,45,27
relation_11956955,Sapakpınar Mahallesi,TR41-neighborhoods,Kocaeli,İzmit,155,144
relation_11958803,Nebihoca Mahallesi,TR41-neighborhoods,Kocaeli,İzmit,233,43
relation_3268047,Yenice Mahallesi,TR41-neighborhoods,Kocaeli,İzmit,130,39
relation_11642790,Kabaoğlu Mahallesi,TR41-neighborhoods,Kocaeli,İzmit,1000,1370
relation_11956699,Hasancıklar Mahallesi,TR41-neighborhoods,Kocaeli,İzmit,137,36
relation_11956952,Zeytinburnu Mahallesi,TR41-neighborhoods,Kocaeli,İzmit,147,61
relation_11958799,Hakaniye Mahallesi,TR41-neighborhoods,Kocaeli,İzmit,31,24
relation_11642436,Bulduk Mahallesi,TR41-neighborhoods,Kocaeli,İzmit,126,60
relation_11956698,Süleymaniye Mahallesi,TR41-neighborhoods,Kocaeli,İzmit,160,112
relation_11642104,Akpınar Mahallesi,TR41-neighborhoods,Kocaeli,İzmit,1464,1253
relation_11956591,Gedikli Mahallesi,TR41-neighborhoods,Kocaeli,İzmit,281,125
relation_11875167,Sepetçi Mahallesi,TR41-neighborhoods,Kocaeli,İzmit,361,79
relation_11958721,Çubukluosmaniye Mahallesi,TR41-neighborhoods,Kocaeli,İzmit,357,98
relation_11958715,Kozluca Mahallesi,TR41-neighborhoods,Kocaeli,İzmit,87,45
relation_11956593,Biberoğlu Mahallesi,TR41-neighborhoods,Kocaeli,İzmit,73,34
relation_11932344,Kaynarca Mahallesi,TR41-neighborhoods,Kocaeli,İzmit,190,48
relation_11958714,Arpalıkihsaniye Mahallesi,TR41-neighborhoods,Kocaeli,İzmit,110,59
relation_11932381,Durhasan Mahallesi,TR41-neighborhoods,Kocaeli,İzmit,299,115
relation_11932335,Çağırgan Mahallesi,TR41-neighborhoods,Kocaeli,İzmit,105,29
relation_11957138,Mecidiye Mahallesi,TR41-neighborhoods,Kocaeli,İzmit,29,110
relation_11956669,Kurtdere Mahallesi,TR41-neighborhoods,Kocaeli,İzmit,200,40
relation_11958801,Şahinler Mahallesi,TR41-neighborhoods,Kocaeli,İzmit,219,65
relation_11956700,Ortaburun Mahallesi,TR41-neighborhoods,Kocaeli,İzmit,155,45
relation_11956954,Çavuşoğlu Mahallesi,TR41-neighborhoods,Kocaeli,İzmit,80,12
relation_11958772,Kısalar Mahallesi,TR41-neighborhoods,Kocaeli,İzmit,125,34
relation_11932334,Süverler Mahallesi,TR41-neighborhoods,Kocaeli,İzmit,104,29
relation_11957126,Güvercinlik Mahallesi,TR41-neighborhoods,Kocaeli,İzmit,57,29
relation_11956592,Dağköy Mahallesi,TR41-neighborhoods,Kocaeli,İzmit,32,44
relation_11958802,Böğürgen Mahallesi,TR41-neighborhoods,Kocaeli,İzmit,127,41
relation_11958716,Balören Mahallesi,TR41-neighborhoods,Kocaeli,İzmit,29,480
relation_11957124,Ambarcı Mahallesi,TR41-neighborhoods,Kocaeli,İzmit,204,33
relation_11932343,Gökçeören Mahallesi,TR41-neighborhoods,Kocaeli,İzmit,301,44
relation_11642103,Kulfallı Mahallesi,TR41-neighborhoods,Kocaeli,İzmit,229,95
relation_11956953,Düğmeciler Mahallesi,TR41-neighborhoods,Kocaeli,İzmit,54,38
relation_11958771,Sarışeyh Mahallesi,TR41-neighborhoods,Kocaeli,İzmit,229,36
relation_3267255,Akbal Mahallesi,TR41-neighborhoods,Kocaeli,Kandıra,126,42
relation_3267256,Akdurak Mahallesi,TR41-neighborhoods,Kocaeli,Kandıra,2320,1148
relation_3267257,Aydınlık Mahallesi,TR41-neighborhoods,Kocaeli,Kandıra,1274,975
relation_3267258,Orhan Mahallesi,TR41-neighborhoods,Kocaeli,Kandıra,954,744
relation_3267259,Çarşı Mahallesi,TR41-neighborhoods,Kocaeli,Kandıra,1299,1155
relation_13905083,Kaymaz Erikli Mahallesi,TR41-neighborhoods,Kocaeli,Kandıra,118,29
relation_12919869,İncecik Mahallesi,TR41-neighborhoods,Kocaeli,Kandıra,195,35
relation_12919615,Beylerbeyi Mahallesi,TR41-neighborhoods,Kocaeli,Kandıra,264,35
relation_13536974,Hacışeyh Mahallesi,TR41-neighborhoods,Kocaeli,Kandıra,83,41
relation_12919858,Lokmanlı Mahallesi,TR41-neighborhoods,Kocaeli,Kandıra,109,34
relation_12331886,Sarıgazi Mahallesi,TR41-neighborhoods,Kocaeli,Kandıra,108,25
relation_12922224,Ağaçağıl Mahallesi,TR41-neighborhoods,Kocaeli,Kandıra,148,15
relation_12919849,Safalı Mahallesi,TR41-neighborhoods,Kocaeli,Kandıra,218,130
relation_12918965,Pınarlı Mahallesi,TR41-neighborhoods,Kocaeli,Kandıra,234,81
relation_13905086,Sinanlıbilalli Mahallesi,TR41-neighborhoods,Kocaeli,Kandıra,184,31
relation_12322122,Alaybey,TR41-neighborhoods,Kocaeli,Kandıra,159,22
relation_12919809,Kaymaz Mahallesi,TR41-neighborhoods,Kocaeli,Kandıra,289,47
relation_12922269,Kubuzcu Mahallesi,TR41-neighborhoods,Kocaeli,Kandıra,164,45
relation_12330148,Ballar Mahallesi,TR41-neighborhoods,Kocaeli,Kandıra,243,422
relation_13537018,Üğümce Mahallesi,TR41-neighborhoods,Kocaeli,Kandıra,207,32
relation_14510750,Kocakaymas Mahallesi,TR41-neighborhoods,Kocaeli,Kandıra,627,255
relation_13534711,Kabaağaç Mahallesi,TR41-neighborhoods,Kocaeli,Kandıra,79,65
relation_14510754,Sepetçi Mahallesi,TR41-neighborhoods,Kocaeli,Kandıra,135,34
relation_12331878,Bozburun Mahallesi,TR41-neighborhoods,Kocaeli,Kandıra,185,78
relation_13534695,Hacılar Mahallesi,TR41-neighborhoods,Kocaeli,Kandıra,161,67
relation_12919654,Bolu Mahallesi,TR41-neighborhoods,Kocaeli,Kandıra,205,93
relation_12326835,Kerpe Mahallesi,TR41-neighborhoods,Kocaeli,Kandıra,198,171
relation_14510753,Goncaaydın Mahallesi,TR41-neighborhoods,Kocaeli,Kandıra,117,37
relation_12326809,Balcı Mahallesi,TR41-neighborhoods,Kocaeli,Kandıra,176,57
relation_13905082,Ahmethacılar Mahallesi,TR41-neighborhoods,Kocaeli,Kandıra,181,19
relation_12330195,Akçabeyli Mahallesi,TR41-neighborhoods,Kocaeli,Kandıra,235,42
relation_12919793,Antaplı Mahallesi,TR41-neighborhoods,Kocaeli,Kandıra,166,11
relation_14510751,Elmacık Mahallesi,TR41-neighborhoods,Kocaeli,Kandıra,133,21
relation_12331885,Pelitpınarı Mahallesi,TR41-neighborhoods,Kocaeli,Kandıra,196,27
relation_13536969,Eğercili Mahallesi,TR41-neighborhoods,Kocaeli,Kandıra,206,52
relation_12918952,Çakmaklar Mahallesi,TR41-neighborhoods,Kocaeli,Kandıra,43,63
relation_13018849,Nasuhlar Mahallesi,TR41-neighborhoods,Kocaeli,Kandıra,78,14
relation_13275899,Balaban Mahallesi,TR41-neighborhoods,Kocaeli,Kandıra,249,41
relation_11984002,Kızılcapınar Mahallesi,TR41-neighborhoods,Kocaeli,Kandıra,63,40
relation_12919658,Ömerli Mahallesi,TR41-neighborhoods,Kocaeli,Kandıra,117,48
relation_12919866,Çerçili Mahallesi,TR41-neighborhoods,Kocaeli,Kandıra,224,109
relation_12919857,Süllü Mahallesi,TR41-neighborhoods,Kocaeli,Kandıra,113,38
relation_13905084,Sucuali Mahallesi,TR41-neighborhoods,Kocaeli,Kandıra,70,32
relation_12918969,Avdan Mahallesi,TR41-neighborhoods,Kocaeli,Kandıra,101,48
relation_12326846,Kurtyeri Mahallesi,TR41-neighborhoods,Kocaeli,Kandıra,368,229
relation_12922228,Çalca Mahallesi,TR41-neighborhoods,Kocaeli,Kandıra,72,32
relation_12919798,Hacımazlı Mahallesi,TR41-neighborhoods,Kocaeli,Kandıra,161,30
relation_12331884,Karlı Mahallesi,TR41-neighborhoods,Kocaeli,Kandıra,165,10
relation_13539355,Şerefsungur Mahallesi,TR41-neighborhoods,Kocaeli,Kandıra,147,40
relation_13275898,Gebeşler Mahallesi,TR41-neighborhoods,Kocaeli,Kandıra,63,15
relation_13534735,Sarnıçlar Mahallesi,TR41-neighborhoods,Kocaeli,Kandıra,261,49
relation_13534805,Ferizli Mahallesi,TR41-neighborhoods,Kocaeli,Kandıra,122,47
relation_12926070,Sarıcaali Mahallesi,TR41-neighborhoods,Kocaeli,Kandıra,218,77
relation_14510749,Akçakese Mahallesi,TR41-neighborhoods,Kocaeli,Kandıra,118,18
relation_12330100,Pınardüzü Mahallesi,TR41-neighborhoods,Kocaeli,Kandıra,215,34
relation_12919650,Selametli Mahallesi,TR41-neighborhoods,Kocaeli,Kandıra,113,51
relation_13764565,Dalca Mahallesi,TR41-neighborhoods,Kocaeli,Kandıra,96,75
relation_12919827,Alefli Mahallesi,TR41-neighborhoods,Kocaeli,Kandıra,94,19
relation_14370712,Kırkarmut Mahallesi,TR41-neighborhoods,Kocaeli,Kandıra,268,67
relation_12331875,Kanatlar Mahallesi,TR41-neighborhoods,Kocaeli,Kandıra,153,52
relation_14510752,Topluca Mahallesi,TR41-neighborhoods,Kocaeli,Kandıra,264,89
relation_12330200,Cebeci Mahallesi,TR41-neighborhoods,Kocaeli,Kandıra,263,226
relation_13018850,Çalyer Mahallesi,TR41-neighborhoods,Kocaeli,Kandıra,103,12
relation_14370735,Hüdaverdiler Mahallesi,TR41-neighborhoods,Kocaeli,Kandıra,62,18
relation_12919828,Mülküşehsuvar Mahallesi,TR41-neighborhoods,Kocaeli,Kandıra,239,30
relation_12918953,Teksen Mahallesi,TR41-neighborhoods,Kocaeli,Kandıra,75,279
relation_12919655,Tatarahmet Mahallesi,TR41-neighborhoods,Kocaeli,Kandıra,75,45
relation_14370734,Sarıahmetler Mahallesi,TR41-neighborhoods,Kocaeli,Kandıra,128,42
relation_13534783,Yusufça Mahallesi,TR41-neighborhoods,Kocaeli,Kandıra,220,85
relation_12330092,Esentepe Mahallesi,TR41-neighborhoods,Kocaeli,Kandıra,136,28
relation_12322121,Babaköy Mahallesi,TR41-neighborhoods,Kocaeli,Kandıra,221,53
relation_12919881,Mancarlar Mahallesi,TR41-neighborhoods,Kocaeli,Kandıra,88,20
relation_13905085,Beyce Mahallesi,TR41-neighborhoods,Kocaeli,Kandıra,163,25
relation_12330201,Kefken Mahallesi,TR41-neighborhoods,Kocaeli,Kandıra,835,395
relation_12326849,Duraklı Mahallesi,TR41-neighborhoods,Kocaeli,Kandıra,184,27
relation_12919826,Hıdırlar Mahallesi,TR41-neighborhoods,Kocaeli,Kandıra,64,21
relation_12919837,Seyitaliler Mahallesi,TR41-neighborhoods,Kocaeli,Kandıra,253,49
relation_12919618,Akıncı Mahallesi,TR41-neighborhoods,Kocaeli,Kandıra,165,44
relation_12330164,Karaağaç Mahallesi,TR41-neighborhoods,Kocaeli,Kandıra,805,181
relation_12919801,Merkez Erikli Mahallesi,TR41-neighborhoods,Kocaeli,Kandıra,244,88
relation_12330192,Çamkonak Mahallesi,TR41-neighborhoods,Kocaeli,Kandıra,447,90
relation_12919620,Akçaova Mahallesi,TR41-neighborhoods,Kocaeli,Kandıra,184,234
relation_12919611,Bağırganlı Mahallesi,TR41-neighborhoods,Kocaeli,Kandıra,286,270
relation_12919804,Selimköy Mahallesi,TR41-neighborhoods,Kocaeli,Kandıra,106,22
relation_3199998,Yağcılar Mahallesi,TR41-neighborhoods,Kocaeli,Kandıra,263,85
relation_11984000,Doğancılı Mahallesi,TR41-neighborhoods,Kocaeli,Kandıra,68,40
relation_12330171,Babalı Mahallesi,TR41-neighborhoods,Kocaeli,Kandıra,318,183
relation_12326815,Özbey Mahallesi,TR41-neighborhoods,Kocaeli,Kandıra,213,57
relation_13121367,Hediyeli Mahallesi,TR41-neighborhoods,Kocaeli,Kandıra,168,96
relation_13534806,Döngelli Mahallesi,TR41-neighborhoods,Kocaeli,Kandıra,224,87
relation_14510747,Terziler Mahallesi,TR41-neighborhoods,Kocaeli,Kandıra,138,35
relation_13536990,Deliveli Mahallesi,TR41-neighborhoods,Kocaeli,Kandıra,54,30
relation_13534733,Çakırcaali Mahallesi,TR41-neighborhoods,Kocaeli,Kandıra,177,64
relation_11984001,Çalköy Mahallesi,TR41-neighborhoods,Kocaeli,Kandıra,219,290
relation_14510748,Pirceler Mahallesi,TR41-neighborhoods,Kocaeli,Kandıra,99,24
relation_13539364,Karadivan Mahallesi,TR41-neighborhoods,Kocaeli,Kandıra,140,29
relation_12326862,Ereğli Mahallesi,TR41-neighborhoods,Kocaeli,Karamürsel,1753,1431
relation_15951479,Dereköy Mahallesi,TR41-neighborhoods,Kocaeli,Karamürsel,460,318
relation_15951485,Kızderbent Mahallesi,TR41-neighborhoods,Kocaeli,Karamürsel,340,150
relation_15951477,4 Temmuz Mahallesi,TR41-neighborhoods,Kocaeli,Karamürsel,11398,7740
relation_15951478,Kayacık Mahallesi,TR41-neighborhoods,Kocaeli,Karamürsel,5006,5031
relation_12326866,Tepeköy Mahallesi,TR41-neighborhoods,Kocaeli,Karamürsel,369,394
relation_15951487,Yalakdere Mahallesi,TR41-neighborhoods,Kocaeli,Karamürsel,255,294
relation_15951480,Oluklu Mahallesi,TR41-neighborhoods,Kocaeli,Karamürsel,132,49
relation_15671033,Fulacık Mahallesi,TR41-neighborhoods,Kocaeli,Karamürsel,57,51
relation_14510943,Akpınar Mahallesi,TR41-neighborhoods,Kocaeli,Karamürsel,69,24
relation_15951488,Avcıköy Mahallesi,TR41-neighborhoods,Kocaeli,Karamürsel,126,78
relation_14510942,Çamçukur Mahallesi,TR41-neighborhoods,Kocaeli,Karamürsel,416,60
relation_15951482,İnebeyli Mahallesi,TR41-neighborhoods,Kocaeli,Karamürsel,141,69
relation_14510944,Osmaniye Mahallesi,TR41-neighborhoods,Kocaeli,Karamürsel,150,25
relation_15521888,Pazarköy Mahallesi,TR41-neighborhoods,Kocaeli,Karamürsel,121,69
relation_14786103,Akçat Mahallesi,TR41-neighborhoods,Kocaeli,Karamürsel,282,68
relation_14786105,Suludere Mahallesi,TR41-neighborhoods,Kocaeli,Karamürsel,55,28
relation_15951484,İhsaniye Mahallesi,TR41-neighborhoods,Kocaeli,Karamürsel,129,33
relation_15951486,Semetler Mahallesi,TR41-neighborhoods,Kocaeli,Karamürsel,143,57
relation_15951481,Karaahmetli Mahallesi,TR41-neighborhoods,Kocaeli,Karamürsel,138,49
relation_15671035,Kadriye Mahallesi,TR41-neighborhoods,Kocaeli,Karamürsel,28,12
relation_14786106,Safiye Mahallesi,TR41-neighborhoods,Kocaeli,Karamürsel,49,5
relation_15951489,Çamdibi Mahallesi,TR41-neighborhoods,Kocaeli,Karamürsel,133,51
relation_15671034,Tahtalı Mahallesi,TR41-neighborhoods,Kocaeli,Karamürsel,22,17
relation_14786104,Senaiye Mahallesi,TR41-neighborhoods,Kocaeli,Karamürsel,111,7
relation_15951483,Hayriye Mahallesi,TR41-neighborhoods,Kocaeli,Karamürsel,169,44
relation_14786102,Karapınar Mahallesi,TR41-neighborhoods,Kocaeli,Karamürsel,387,51
relation_11744607,Arslanbey Mahallesi,TR41-neighborhoods,Kocaeli,Kartepe,1569,992
relation_10888258,Ataevler Mahallesi,TR41-neighborhoods,Kocaeli,Kartepe,5160,4517
relation_11642972,Sarımeşe Mahallesi,TR41-neighborhoods,Kocaeli,Kartepe,1171,1112
relation_11642860,Dumlupınar Mahallesi,TR41-neighborhoods,Kocaeli,Kartepe,2678,3206
relation_11642970,Emekevler Mahallesi,TR41-neighborhoods,Kocaeli,Kartepe,3182,2106
relation_11642861,Köseköy Mahallesi,TR41-neighborhoods,Kocaeli,Kartepe,3247,1553
relation_11744940,Derbent Mahallesi,TR41-neighborhoods,Kocaeli,Kartepe,1820,1235
relation_11642971,Rahmiye Mahallesi,TR41-neighborhoods,Kocaeli,Kartepe,2199,736
relation_11642973,Fatih Sultan Mehmet Mahallesi,TR41-neighborhoods,Kocaeli,Kartepe,5985,5131
relation_11744901,Suadiye Mahallesi,TR41-neighborhoods,Kocaeli,Kartepe,1796,605
relation_11642968,Uzunbey Mahallesi,TR41-neighborhoods,Kocaeli,Kartepe,404,321
relation_11744945,Uzuntarla Mahallesi,TR41-neighborhoods,Kocaeli,Kartepe,859,568
relation_10888259,Ertuğrul Gazi Mahallesi,TR41-neighborhoods,Kocaeli,Kartepe,2367,1724
relation_11744907,Acısu Mahallesi,TR41-neighborhoods,Kocaeli,Kartepe,2067,629
relation_11744994,Eşme Mahallesi,TR41-neighborhoods,Kocaeli,Kartepe,1207,968
relation_11744905,Çepni Mahallesi,TR41-neighborhoods,Kocaeli,Kartepe,1742,530
relation_11744939,Maşukiye Mahallesi,TR41-neighborhoods,Kocaeli,Kartepe,2788,1360
relation_11642969,Uzunçiftlik Mahallesi,TR41-neighborhoods,Kocaeli,Kartepe,1672,1425
relation_11744996,İbrikdere Mahallesi,TR41-neighborhoods,Kocaeli,Kartepe,1850,607
relation_11744944,İstasyon Mahallesi,TR41-neighborhoods,Kocaeli,Kartepe,3853,1678
relation_11744906,Şevkatiye Mahallesi,TR41-neighborhoods,Kocaeli,Kartepe,914,316
relation_11744608,Ataşehir Mahallesi,TR41-neighborhoods,Kocaeli,Kartepe,1718,1492
relation_11744900,Balaban Mahallesi,TR41-neighborhoods,Kocaeli,Kartepe,539,430
relation_11744902,Sultaniye Mahallesi,TR41-neighborhoods,Kocaeli,Kartepe,299,26
relation_11744904,Serinlik Mahallesi,TR41-neighborhoods,Kocaeli,Kartepe,154,15
relation_11744903,Pazarçayırı Mahallesi,TR41-neighborhoods,Kocaeli,Kartepe,145,26
relation_11744995,Ketenciler Mahallesi,TR41-neighborhoods,Kocaeli,Kartepe,192,277
relation_11744993,Havluburun Mahallesi,TR41-neighborhoods,Kocaeli,Kartepe,603,172
relation_11744992,Eşmeahmediye Mahallesi,TR41-neighborhoods,Kocaeli,Kartepe,132,43
relation_11744911,Şirinsulhiye Mahallesi,TR41-neighborhoods,Kocaeli,Kartepe,896,401
relation_11744912,Nusretiye Mahallesi,TR41-neighborhoods,Kocaeli,Kartepe,702,288
relation_11744609,Karatepe Mahallesi,TR41-neighborhoods,Kocaeli,Kartepe,477,126
relation_11631244,17 Ağustos Mahallesi,TR41-neighborhoods,Kocaeli,Körfez,718,836
relation_11630513,Agah Ateş Mahallesi,TR41-neighborhoods,Kocaeli,Körfez,761,1097
relation_11630509,Atalar Mahallesi,TR41-neighborhoods,Kocaeli,Körfez,2254,2544
relation_11631252,Barbaros Mahallesi,TR41-neighborhoods,Kocaeli,Körfez,1948,997
relation_11631413,Cumhuriyet Mahallesi,TR41-neighborhoods,Kocaeli,Körfez,919,1708
relation_11631248,Esentepe Mahallesi,TR41-neighborhoods,Kocaeli,Körfez,3658,2670
relation_11631250,Fatih Mahallesi,TR41-neighborhoods,Kocaeli,Körfez,5453,3595
relation_11631253,Güney Mahallesi,TR41-neighborhoods,Kocaeli,Körfez,7103,4966
relation_11630514,Hacı Akif Mahallesi,TR41-neighborhoods,Kocaeli,Körfez,568,914
relation_11630508,Hacı Osman Mahallesi,TR41-neighborhoods,Kocaeli,Körfez,5769,3939
relation_11630512,Kışladüzü Mahallesi,TR41-neighborhoods,Kocaeli,Körfez,1889,1095
relation_11631249,Kuzey Mahallesi,TR41-neighborhoods,Kocaeli,Körfez,2557,1894
relation_11630510,Kirazlıyalı Mahallesi,TR41-neighborhoods,Kocaeli,Körfez,895,791
relation_11630507,Mimar Sinan Mahallesi,TR41-neighborhoods,Kocaeli,Körfez,6038,7438
relation_11631247,Yavuz Sultan Selim Mahallesi,TR41-neighborhoods,Kocaeli,Körfez,6304,7931
relation_11631251,Yeniyalı Mahallesi,TR41-neighborhoods,Kocaeli,Körfez,5481,2457
relation_11631415,Yukarı Hereke Mahallesi,TR41-neighborhoods,Kocaeli,Körfez,769,858
relation_11631246,Çamlıtepe Mahallesi,TR41-neighborhoods,Kocaeli,Körfez,3235,2479
relation_11631245,İlimtepe Mahallesi,TR41-neighborhoods,Kocaeli,Körfez,1936,1912
relation_11630511,Şirinyalı Mahallesi,TR41-neighborhoods,Kocaeli,Körfez,104,162
relation_11631414,Kalburcu Mahallesi,TR41-neighborhoods,Kocaeli,Körfez,188,82
relation_11632810,Belen Mahallesi,TR41-neighborhoods,Kocaeli,Körfez,75,70
relation_11636726,Sevindikli Mahallesi,TR41-neighborhoods,Kocaeli,Körfez,155,31
relation_11632809,Dere Mahallesi,TR41-neighborhoods,Kocaeli,Körfez,58,25
relation_11637335,Osmanlı Mahallesi,TR41-neighborhoods,Kocaeli,Körfez,85,42
relation_11636301,Elmacık Mahallesi,TR41-neighborhoods,Kocaeli,Körfez,200,59
relation_11637410,Dikenli Mahallesi,TR41-neighborhoods,Kocaeli,Körfez,120,15
relation_11637411,Alihocalar Mahallesi,TR41-neighborhoods,Kocaeli,Körfez,307,40
relation_11637199,Çıraklı Mahallesi,TR41-neighborhoods,Kocaeli,Körfez,65,20
relation_11637175,Karayakuplu Mahallesi,TR41-neighborhoods,Kocaeli,Körfez,143,31
relation_11636646,Şemsettin Mahallesi,TR41-neighborhoods,Kocaeli,Körfez,108,52
relation_11636684,Kutluca Mahallesi,TR41-neighborhoods,Kocaeli,Körfez,164,37
relation_11636300,Naip Mahallesi,TR41-neighborhoods,Kocaeli,Körfez,52,28
relation_11636048,Sipahiler Mahallesi,TR41-neighborhoods,Kocaeli,Körfez,175,78
relation_11637191,Himmetli Mahallesi,TR41-neighborhoods,Kocaeli,Körfez,90,39
relation_11637336,Cuma Mahallesi,TR41-neighborhoods,Kocaeli,Körfez,150,50
relation_1275322,Kadıköy Mahallesi,TR34-villages,İstanbul,Şile,142,39
relation_1275323,Çelebi Mahallesi,TR34-villages,İstanbul,Şile,122,36
relation_1276035,Paşaköy Mahallesi,TR34-villages,İstanbul,Sancaktepe,631,466
relation_13276411,15 Temmuz Mahallesi,,İstanbul,Esenler,1474,684
relation_13986753,5. Levent Mahallesi,,İstanbul,Eyüpsultan,2444,3810
relation_2463274,Ayvansaray Mahallesi,TR34-Mahalle,İstanbul,Fatih,6604,3335
relation_2463371,Balat Mahallesi,TR34-Mahalle,İstanbul,Fatih,5671,1796
relation_2463390,Derviş Ali Mahallesi,TR34-Mahalle,İstanbul,Fatih,7516,3553
relation_2464768,Atikali Mahallesi,TR34-Mahalle,İstanbul,Fatih,6703,2058
relation_2464918,Yavuz Sultan Selim Mahallesi,TR34-Mahalle,İstanbul,Fatih,7326,3388
relation_2468218,Karagümrük Mahallesi,TR34-Mahalle,İstanbul,Fatih,4170,2106
relation_2468219,Hırka-i Şerif Mahallesi,TR34-Mahalle,İstanbul,Fatih,8221,4786
relation_2468242,Topkapı Mahallesi,TR34-Mahalle,İstanbul,Fatih,2475,3075
relation_3403828,İçerenköy Mahallesi,TR34-Mahalle,İstanbul,Ataşehir,19825,30935
relation_3866327,Cumhuriyet Mahallesi,TR34-suburbs,İstanbul,Üsküdar,12822,12556
relation_3866328,Ünalan Mahallesi,TR34-suburbs,İstanbul,Üsküdar,11570,11791
relation_3866467,Bulgurlu Mahallesi,TR34-suburbs,İstanbul,Üsküdar,10835,9909
relation_3866468,Kısıklı Mahallesi,TR34-suburbs,İstanbul,Üsküdar,7841,5222
relation_6648205,Yunus Emre Mahallesi,,İstanbul,Arnavutköy,6319,3981
relation_6648717,Anadolu Mahallesi,,İstanbul,Arnavutköy,16777,8660
relation_6648841,Hicret Mahallesi,,İstanbul,Arnavutköy,1575,693
relation_6648854,Bolluca Mahallesi,,İstanbul,Arnavutköy,3212,1490
relation_6648907,Mavigöl Mahallesi,,İstanbul,Arnavutköy,3255,2219
relation_6670488,Gümüşyaka Mahallesi,,İstanbul,Silivri,2887,3325
relation_6841016,Bahçelievler Mahallesi,,İstanbul,Bahçelievler,13247,25778
relation_6841110,Siyavuşpaşa Mahallesi,,İstanbul,Bahçelievler,17953,24215
relation_6868850,Şehremini Mahallesi,,İstanbul,Fatih,4640,8101
relation_7404512,Basınköy Mahallesi,,İstanbul,Bakırköy,1535,2284
relation_7648808,Mevlanakapı Mahallesi,TR34-Mahalle,İstanbul,Fatih,5479,6005
relation_7648809,Seyyid Ömer Mahallesi,TR34-Mahalle,İstanbul,Fatih,6444,8819
relation_7648810,Silivrikapı Mahallesi,TR34-Mahalle,İstanbul,Fatih,4418,5705
relation_7648811,Sümbül Efendi Mahallesi,TR34-Mahalle,İstanbul,Fatih,5174,5098
relation_7648812,Koca Mustafapaşa Mahallesi,TR34-Mahalle,İstanbul,Fatih,4240,7843
relation_7648813,Yedikule Mahallesi,TR34-Mahalle,İstanbul,Fatih,4753,5163
relation_7648814,Cerrahpaşa Mahallesi,TR34-Mahalle,İstanbul,Fatih,1913,2911
relation_7648815,Haseki Sultan Mahallesi,TR34-Mahalle,İstanbul,Fatih,2067,3111
relation_7648816,Molla Gürani Mahallesi,TR34-Mahalle,İstanbul,Fatih,2881,3654
relation_7648817,Akşemsettin Mahallesi,TR34-Mahalle,İstanbul,Fatih,6433,4511
relation_7648818,Ali Kuşçu Mahallesi,TR34-Mahalle,İstanbul,Fatih,4473,1512
relation_7648819,Cibali Mahallesi,TR34-Mahalle,İstanbul,Fatih,2959,1602
relation_7648820,Zeyrek Mahallesi,TR34-Mahalle,İstanbul,Fatih,5186,2810
relation_7648821,İskenderpaşa Mahallesi,TR34-Mahalle,İstanbul,Fatih,3739,2736
relation_7648822,Aksaray Mahallesi,TR34-Mahalle,İstanbul,Fatih,1727,2823
relation_7648823,Katip Kasım Mahallesi,TR34-Mahalle,İstanbul,Fatih,242,416
relation_7648824,Mesihpaşa Mahallesi,TR34-Mahalle,İstanbul,Fatih,28,26
relation_7648825,Kemalpaşa Mahallesi,TR34-Mahalle,İstanbul,Fatih,92,73
relation_7648826,Kalenderhane Mahallesi,TR34-Mahalle,İstanbul,Fatih,81,160
relation_7648827,Molla Hüsrev Mahallesi,TR34-Mahalle,İstanbul,Fatih,233,178
relation_7648828,Hacı Kadın Mahallesi,TR34-Mahalle,İstanbul,Fatih,86,70
relation_7648829,Hoca Gıyasettin Mahallesi,TR34-Mahalle,İstanbul,Fatih,140,143
relation_7648830,Yavuz Sinan Mahallesi,TR34-Mahalle,İstanbul,Fatih,103,56
relation_7648831,Demirtaş Mahallesi,TR34-Mahalle,İstanbul,Fatih,66,55
relation_7648833,Süleymaniye Mahallesi,TR34-Mahalle,İstanbul,Fatih,192,110
relation_7648834,Balabanağa Mahallesi,TR34-Mahalle,İstanbul,Fatih,22,36
relation_7648835,Nişanca Mahallesi,TR34-Mahalle,İstanbul,Fatih,791,1345
relation_7648836,Tahtakale Mahallesi,TR34-Mahalle,İstanbul,Fatih,13,10
relation_7648837,Rüstempaşa Mahallesi,TR34-Mahalle,İstanbul,Fatih,10,9
relation_7648838,Mercan Mahallesi,TR34-Mahalle,İstanbul,Fatih,24,15
relation_7648839,Taya Hatun Mahallesi,TR34-Mahalle,İstanbul,Fatih,30,25
relation_7648840,Beyazıt Mahallesi,TR34-Mahalle,İstanbul,Fatih,22,17
relation_7648841,Mimar Kemalettin Mahallesi,TR34-Mahalle,İstanbul,Fatih,38,37
relation_7648842,Saraç İshak Mahallesi,TR34-Mahalle,İstanbul,Fatih,199,270
relation_7648843,Mimar Hayrettin Mahallesi,TR34-Mahalle,İstanbul,Fatih,141,169
relation_7648845,Muhsine Hatun Mahallesi,,İstanbul,Fatih,297,465
relation_7648846,Şehsuvar Bey Mahallesi,TR34-Mahalle,İstanbul,Fatih,323,396
relation_7648847,Emin Sinan Mahallesi,TR34-Mahalle,İstanbul,Fatih,262,277
relation_7648848,Molla Fenari Mahallesi,TR34-Mahalle,İstanbul,Fatih,39,17
relation_7648849,Hobyar Mahallesi,TR34-Mahalle,İstanbul,Fatih,23,26
relation_7648850,Sultan Ahmet Mahallesi,TR34-Mahalle,İstanbul,Fatih,199,161
relation_7648851,Küçük Ayasofya Mahallesi,TR34-Mahalle,İstanbul,Fatih,513,550
relation_7648852,Binbirdirek Mahallesi,TR34-Mahalle,İstanbul,Fatih,193,250
relation_7648853,Alemdar Mahallesi,TR34-Mahalle,İstanbul,Fatih,73,95
relation_7648854,Hocapaşa Mahallesi,TR34-Mahalle,İstanbul,Fatih,52,74
relation_7648855,Cankurtaran Mahallesi,TR34-Mahalle,İstanbul,Fatih,321,287
relation_7666484,Necip Fazıl Mahallesi,TR34-Mahalle,İstanbul,Sultanbeyli,7651,4708
relation_7666485,Orhangazi Mahallesi,TR34-Mahalle,İstanbul,Sultanbeyli,4696,4241
relation_7666486,Yavuz Selim Mahallesi,TR34-Mahalle,İstanbul,Sultanbeyli,6250,5556
relation_7666487,Fatih Mahallesi,TR34-Mahalle,İstanbul,Sultanbeyli,8283,3985
relation_7666488,Mehmet Akif Mahallesi,TR34-Mahalle,İstanbul,Sultanbeyli,11781,4434
relation_7666489,Abdurrahmangazi Mahallesi,TR34-Mahalle,İstanbul,Sultanbeyli,13738,3787
relation_7666490,Hasanpaşa Mahallesi,TR34-Mahalle,İstanbul,Sultanbeyli,7514,3124
relation_7666491,Akşemsettin Mahallesi,TR34-Mahalle,İstanbul,Sultanbeyli,5235,3049
relation_7666492,Mecidiye Mahallesi,TR34-Mahalle,İstanbul,Sultanbeyli,8981,4053
relation_7666493,Turgut Reis Mahallesi,TR34-Mahalle,İstanbul,Sultanbeyli,8290,3524
relation_7666495,Adil Mahallesi,TR34-Mahalle,İstanbul,Sultanbeyli,13202,6007
relation_7666496,Battalgazi Mahallesi,TR34-Mahalle,İstanbul,Sultanbeyli,15697,6132
relation_7666497,Mimar Sinan Mahallesi,TR34-Mahalle,İstanbul,Sultanbeyli,9319,4987
relation_7772852,Ahmet Yesevi Mahallesi,TR34-Mahalle,İstanbul,Sultanbeyli,12014,5999
relation_7786480,Fevzi Çakmak Mahallesi,TR34-neighbourhood,İstanbul,Küçükçekmece,7182,9071
relation_7786481,Cennet Mahallesi,TR34-neighbourhood,İstanbul,Küçükçekmece,7760,11714
relation_7786482,Yeni Mahalle Mahallesi,TR34-neighbourhood,İstanbul,Küçükçekmece,6093,7768
relation_7786483,Yeşilova Mahallesi,TR34-neighbourhood,İstanbul,Küçükçekmece,9845,12409
relation_7786484,Gültepe Mahallesi,TR34-neighbourhood,İstanbul,Küçükçekmece,8298,11022
relation_7786485,Beşyol Mahallesi,TR34-neighbourhood,İstanbul,Küçükçekmece,444,616
relation_7786486,Kartaltepe Mahallesi,TR34-neighbourhood,İstanbul,Küçükçekmece,3839,4409
relation_7786487,Kemalpaşa Mahallesi,TR34-neighbourhood,İstanbul,Küçükçekmece,3799,4940
relation_7786488,Sultan Murat Mahallesi,TR34-neighbourhood,İstanbul,Küçükçekmece,5049,4779
relation_7786489,Cumhuriyet Mahallesi,TR34-neighbourhood,İstanbul,Küçükçekmece,16637,18529
relation_7786490,Tevfikbey Mahallesi,TR34-neighbourhood,İstanbul,Küçükçekmece,11446,11782
relation_7786491,Kanarya Mahallesi,TR34-neighbourhood,İstanbul,Küçükçekmece,15134,24314
relation_7786492,Söğütlü Çeşme Mahallesi,TR34-neighbourhood,İstanbul,Küçükçekmece,12288,8906
relation_7786493,İnönü Mahallesi,TR34-neighbourhood,İstanbul,Küçükçekmece,24658,21499
relation_7786494,İstasyon Mahallesi,TR34-neighbourhood,İstanbul,Küçükçekmece,12398,14578
relation_7786495,Halkalı Merkez Mahallesi,TR34-neighbourhood,İstanbul,Küçükçekmece,20284,28280
relation_7786496,Yarımburgaz Mahallesi,TR34-neighbourhood,İstanbul,Küçükçekmece,3252,2247
relation_7786497,Fatih Mahallesi,TR34-neighbourhood,İstanbul,Küçükçekmece,2593,4264
relation_7786499,Atakent Mahallesi,TR34-neighbourhood,İstanbul,Küçükçekmece,15851,47238
relation_7786500,Atatürk Mahallesi,TR34-neighbourhood,İstanbul,Küçükçekmece,12403,14298
relation_7786501,Mehmet Akif Mahallesi,TR34-neighbourhood,İstanbul,Küçükçekmece,18513,14739
relation_7964540,Maltepe Mahallesi,TR34-Mahalle,İstanbul,Zeytinburnu,1661,3017
relation_7964551,Merkezefendi Mahallesi,TR34-Mahalle,İstanbul,Zeytinburnu,6191,5172
relation_7964967,Seyitnizam Mahallesi,TR34-Mahalle,İstanbul,Zeytinburnu,7700,5880
relation_7965030,Telsiz Mahallesi,TR34-Mahalle,İstanbul,Zeytinburnu,10956,9735
relation_7965031,Beştelsiz Mahallesi,TR34-Mahalle,İstanbul,Zeytinburnu,6457,5877
relation_7965032,Çırpıcı Mahallesi,TR34-Mahalle,İstanbul,Zeytinburnu,7969,8125
relation_7965519,Kazlıçeşme Mahallesi,TR34-Mahalle,İstanbul,Zeytinburnu,1132,937
relation_7965520,Yenidoğan Mahallesi,TR34-Mahalle,İstanbul,Zeytinburnu,3002,2555
relation_7965521,Gökalp Mahallesi,TR34-Mahalle,İstanbul,Zeytinburnu,5313,5824
relation_7965522,Nuripaşa Mahallesi,TR34-Mahalle,İstanbul,Zeytinburnu,8228,6031
relation_7965523,Yeşiltepe Mahallesi,TR34-Mahalle,İstanbul,Zeytinburnu,5826,5098
relation_7965524,Sümer Mahallesi,TR34-Mahalle,İstanbul,Zeytinburnu,10672,11052
relation_7965525,Veliefendi Mahallesi,TR34-Mahalle,İstanbul,Zeytinburnu,7312,8063
relation_7968240,Bereketzade Mahallesi,TR34-Mahalle,İstanbul,Beyoğlu,69,164
relation_7968241,Emekyemez Mahallesi,TR34-Mahalle,İstanbul,Beyoğlu,58,58
relation_7968242,Kemankeş Karamustafa Paşa Mahallesi,TR34-Mahalle,İstanbul,Beyoğlu,24,36
relation_7968243,Arap Cami Mahallesi,TR34-Mahalle,İstanbul,Beyoğlu,69,45
relation_7980653,Şahkulu Mahallesi,TR34-Mahalle,İstanbul,Beyoğlu,178,292
relation_7980654,Hacımimi Mahallesi,TR34-Mahalle,İstanbul,Beyoğlu,304,436
relation_7980975,Kılıçali Paşa Mahallesi,TR34-Mahalle,İstanbul,Beyoğlu,220,1268
relation_7980976,Firuzağa Mahallesi,TR34-Mahalle,İstanbul,Beyoğlu,835,1635
relation_7980977,Tomtom Mahallesi,TR34-Mahalle,İstanbul,Beyoğlu,872,654
relation_7980978,Asmalı Mescit Mahallesi,TR34-Mahalle,İstanbul,Beyoğlu,74,227
relation_7980979,Evliya Çelebi Mahallesi,TR34-Mahalle,İstanbul,Beyoğlu,43,111
relation_7980980,Bedrettin Mahallesi,TR34-Mahalle,İstanbul,Beyoğlu,180,179
relation_7982393,Katip Mustafa Çelebi Mahallesi,TR34-Mahalle,İstanbul,Beyoğlu,93,390
relation_7982394,Cihangir Mahallesi,TR34-Mahalle,İstanbul,Beyoğlu,302,1841
relation_7982395,Gümüşsuyu Mahallesi,TR34-Mahalle,İstanbul,Beyoğlu,154,1031
relation_7982396,Ömer Avni Mahallesi,TR34-Mahalle,İstanbul,Beyoğlu,219,1099
relation_7982397,Pürtelaş Hasan Efendi Mahallesi,TR34-Mahalle,İstanbul,Beyoğlu,161,1021
relation_7982471,Yenişehir Mahallesi,TR34-Mahalle,İstanbul,Beyoğlu,1049,2171
relation_7982472,Bostan Mahallesi,TR34-Mahalle,İstanbul,Beyoğlu,460,676
relation_7982473,Kalyoncu Kulluğu Mahallesi,TR34-Mahalle,İstanbul,Beyoğlu,414,959
relation_7982474,Çukur Mahallesi,TR34-Mahalle,İstanbul,Beyoğlu,265,777
relation_7982475,Bülbül Mahallesi,TR34-Mahalle,İstanbul,Beyoğlu,563,1102
relation_7982476,Kocatepe Mahallesi,TR34-Mahalle,İstanbul,Beyoğlu,276,534
relation_7982477,Şehit Muhtar Mahallesi,TR34-Mahalle,İstanbul,Beyoğlu,167,440
relation_7982478,Hüseyinağa Mahallesi,TR34-Mahalle,İstanbul,Beyoğlu,98,158
relation_7982479,Kamer Hatun Mahallesi,TR34-Mahalle,İstanbul,Beyoğlu,138,284
relation_7982480,Yahya Kahya Mahallesi,TR34-Mahalle,İstanbul,Beyoğlu,1181,1114
relation_7982481,Çatma Mescit Mahallesi,TR34-Mahalle,İstanbul,Beyoğlu,616,712
relation_7982482,Kuloğlu Mahallesi,TR34-Mahalle,İstanbul,Beyoğlu,216,737
relation_8040974,Kadı Mehmet Efendi Mahallesi,TR34-Mahalle,İstanbul,Beyoğlu,3832,2404
relation_8040975,Camiikebir Mahallesi,TR34-Mahalle,İstanbul,Beyoğlu,871,750
relation_8040976,Küçük Piyale Mahallesi,TR34-Mahalle,İstanbul,Beyoğlu,3179,2447
relation_8040977,İstiklal Mahallesi,TR34-Mahalle,İstanbul,Beyoğlu,1167,1271
relation_8040978,Hacıahmet Mahallesi,TR34-Mahalle,İstanbul,Beyoğlu,2215,6360
relation_8040979,Sururi Mehmet Efendi Mahallesi,TR34-Mahalle,İstanbul,Beyoğlu,1004,1524
relation_8041035,Kaptanpaşa Mahallesi,TR34-Mahalle,İstanbul,Beyoğlu,7965,4572
relation_8041036,Keçeci Piri Mahallesi,TR34-Mahalle,İstanbul,Beyoğlu,6021,3452
relation_8041037,Kulaksız Mahallesi,TR34-Mahalle,İstanbul,Beyoğlu,3980,2073
relation_8041154,Sütlüce Mahallesi,TR34-Mahalle,İstanbul,Beyoğlu,5197,3179
relation_8041155,Halıcıoğlu Mahallesi,TR34-Mahalle,İstanbul,Beyoğlu,4534,4065
relation_8041157,Örnektepe Mahallesi,TR34-Mahalle,İstanbul,Beyoğlu,3169,4123
relation_8041158,Fetihtepe Mahallesi,TR34-Mahalle,İstanbul,Beyoğlu,4939,3712
relation_8041159,Piyalepaşa Mahallesi,TR34-Mahalle,İstanbul,Beyoğlu,7523,6947
relation_8111527,Sururi Mahallesi,TR34-Mahalle,İstanbul,Fatih,16,6
relation_8320926,Hamidiye Mahallesi,TR34-Mahalle,İstanbul,Sultanbeyli,9349,5937
relation_8766077,Aydınlı Mahallesi,,İstanbul,Tuzla,21038,23102
relation_8766082,Mescit Mahallesi,,İstanbul,Tuzla,2028,1192
relation_8766277,Orhanlı Mahallesi,,İstanbul,Tuzla,800,438
relation_8766278,Anadolu Mahallesi,,İstanbul,Tuzla,369,184
relation_8766279,Fatih Mahallesi,,İstanbul,Tuzla,303,427
relation_8766662,Tepeören Mahallesi,,İstanbul,Tuzla,1522,2099
relation_8766663,Orta Mahallesi,,İstanbul,Tuzla,3043,1998
relation_8766844,Akfırat Mahallesi,,İstanbul,Tuzla,1683,134
relation_8766896,Şifa Mahallesi,,İstanbul,Tuzla,12194,7284
relation_8766897,Mimar Sinan Mahallesi,,İstanbul,Tuzla,10005,6898
relation_8767043,İstasyon Mahallesi,,İstanbul,Tuzla,5393,9881
relation_8767105,Cami Mahallesi,,İstanbul,Tuzla,1129,2720
relation_8767114,Yayla Mahallesi,,İstanbul,Tuzla,8622,12076
relation_8767167,Postane Mahallesi,,İstanbul,Tuzla,3741,9312
relation_8767841,Evliya Çelebi Mahallesi,,İstanbul,Tuzla,4255,4774
relation_8767842,İçmeler Mahallesi,,İstanbul,Tuzla,4337,3035
relation_8767843,Aydıntepe Mahallesi,,İstanbul,Tuzla,9021,8345
relation_8796660,Çağlayan Mahallesi,,İstanbul,Kağıthane,8856,10394
relation_8796814,Akşemseddin Mahallesi,,İstanbul,Esenyurt,2016,2729
relation_8800853,Ramazanoğlu Mahallesi,,İstanbul,Pendik,813,859
relation_8824054,Yeşilce Mahallesi,,İstanbul,Kağıthane,4734,3301
relation_8824111,Güneşli Mahallesi,,İstanbul,Bağcılar,18199,11226
relation_8824112,Bağlar Mahallesi,,İstanbul,Bağcılar,4600,5458
relation_8832576,Zübeyde Hanım Mahallesi,,İstanbul,Sultangazi,6758,13651
relation_8832577,Gazi Mahallesi,,İstanbul,Sultangazi,4777,18651
relation_8832578,Yunus Emre Mahallesi,,İstanbul,Sultangazi,12916,19695
relation_8839337,Firuzköy Mahallesi,,İstanbul,Avcılar,4139,11210
relation_8852697,Kozyatağı Mahallesi,,İstanbul,Kadıköy,4319,24075
relation_8857261,Küçükbakkalköy Mahallesi,TR34-Mahalle,İstanbul,Ataşehir,6490,13666
relation_8863399,Vatan Mahallesi,,İstanbul,Bayrampaşa,2715,2854
relation_8866766,Çınardere Mahallesi,,İstanbul,Pendik,7590,5886
relation_8894351,Göçbeyli Mahallesi,,İstanbul,Pendik,761,183
relation_8894395,Bucaklı Mahallesi,,İstanbul,Şile,195,98
relation_8894396,Geredeli Mahallesi,,İstanbul,Şile,397,141
relation_8894397,Göçe Mahallesi,,İstanbul,Şile,365,174
relation_8894398,Ağva Merkez Mahallesi,,İstanbul,Şile,715,825
relation_8894445,Kurfallı Mahallesi,,İstanbul,Şile,142,119
relation_8894446,İsaköy Mahallesi,,İstanbul,Şile,81,56
relation_8894447,Soğullu Mahallesi,,İstanbul,Şile,105,68
relation_8894466,Kalem Mahallesi,,İstanbul,Şile,169,100
relation_8894727,Çataklı Mahallesi,,İstanbul,Şile,137,77
relation_8894728,Göksu Mahallesi,,İstanbul,Şile,137,103
relation_8894729,Gökmaşlı Mahallesi,,İstanbul,Şile,88,90
relation_8897352,Şuayipli Mahallesi,,İstanbul,Şile,117,114
relation_8897385,Hacıllı Mahallesi,,İstanbul,Şile,176,38
relation_8900397,Bozgoca Mahallesi,,İstanbul,Şile,70,33
relation_8900398,Karacaköy Mahallesi,,İstanbul,Şile,103,130
relation_8900415,İmrenli Mahallesi,,İstanbul,Şile,141,161
relation_8902002,Mehmet Akif Ersoy Mahallesi,,İstanbul,Kağıthane,4893,3225
relation_8905922,Sortullu Mahallesi,,İstanbul,Şile,70,27
relation_8906003,Karabeyli Mahallesi,,İstanbul,Şile,129,63
relation_8906049,Akçakese Mahallesi,,İstanbul,Şile,178,225
relation_8906089,Kabakoz Mahallesi,,İstanbul,Şile,310,203
relation_8917831,Balibey Mahallesi,,İstanbul,Şile,854,1540
relation_8918298,Hacı Kasım Mahallesi,,İstanbul,Şile,266,461
relation_8939333,Çavuş Mahallesi,,İstanbul,Şile,3052,4744
relation_8939334,İmrendere Mahallesi,,İstanbul,Şile,100,156
relation_8996428,Ağaçdere Mahallesi,,İstanbul,Şile,85,19
relation_8996776,Osmanköy Mahallesi,,İstanbul,Şile,174,64
relation_9027454,Yeniköy Mahallesi,,İstanbul,Şile,177,175
relation_9027455,Yaylalı Mahallesi,,İstanbul,Şile,36,29
relation_9027503,Çayırbaşı Mahallesi,,İstanbul,Şile,313,476
relation_9042591,Ahmet Yesevi Mahallesi,,İstanbul,Pendik,9576,9372
relation_9042592,Fatih Mahallesi,,İstanbul,Pendik,8336,5151
relation_9064755,Kumbaba Mahallesi,,İstanbul,Şile,344,571
relation_9064777,Ahmetli Mahallesi,,İstanbul,Şile,923,860
relation_9064778,Meşrutiyet Mahallesi,,İstanbul,Şile,209,312
relation_9064892,Çengilli Mahallesi,,İstanbul,Şile,109,61
relation_9064925,Hasanlı Mahallesi,,İstanbul,Şile,164,54
relation_9064926,Yazımanayır Mahallesi,,İstanbul,Şile,157,16
relation_9064974,Teke Mahallesi,,İstanbul,Şile,251,151
relation_9064975,Yaka Mahallesi,,İstanbul,Şile,181,41
relation_9064976,Değirmen Çayırı Mahallesi,,İstanbul,Şile,310,99
relation_9065274,Darlık Mahallesi,,İstanbul,Şile,138,20
relation_9065275,Oruçoğlu Mahallesi,,İstanbul,Şile,255,90
relation_9065276,Ulupelit Mahallesi,,İstanbul,Şile,101,69
relation_9066780,Karamandere Mahallesi,,İstanbul,Şile,131,114
relation_9066781,Ovacık Mahallesi,,İstanbul,Şile,91,43
relation_9066783,Korucu Mahallesi,,İstanbul,Şile,98,85
relation_9066788,Satmazlı Mahallesi,,İstanbul,Şile,174,182
relation_9066804,Erenler Mahallesi,,İstanbul,Şile,60,53
relation_9078093,Esenyalı Mahallesi,,İstanbul,Pendik,6029,2915
relation_9078094,Orhangazi Mahallesi,,İstanbul,Pendik,11989,6114
relation_9078111,Güzelyalı Mahallesi,,İstanbul,Pendik,12825,9581
relation_9218021,Kaynarca Mahallesi,,İstanbul,Pendik,17723,13404
relation_9218075,Doğu Mahallesi,,İstanbul,Pendik,4393,6341
relation_9218100,Batı Mahallesi,,İstanbul,Pendik,2766,6631
relation_9218225,Yeşilbağlar Mahallesi,,İstanbul,Pendik,1852,2681
relation_9218298,Sapan Bağları Mahallesi,,İstanbul,Pendik,3082,5078
relation_9218331,Yeni Mahallesi,,İstanbul,Pendik,3887,7336
relation_9218332,Bahçelievler Mahallesi,,İstanbul,Pendik,3931,4794
relation_9219444,Çamçeşme Mahallesi,,İstanbul,Pendik,14818,6147
relation_9219465,Kavakpınar Mahallesi,,İstanbul,Pendik,24700,16326
relation_9219466,Esenler Mahallesi,,İstanbul,Pendik,14190,7083
relation_9219471,Fevzi Çakmak Mahallesi,,İstanbul,Pendik,17183,7657
relation_9220784,Dumlupınar Mahallesi,,İstanbul,Pendik,11786,5738
relation_9268730,Sanayi Mahallesi,,İstanbul,Pendik,1060,886
relation_9268783,Güllü Bağlar Mahallesi,,İstanbul,Pendik,7432,4295
relation_9268801,Şeyhli Mahallesi,,İstanbul,Pendik,7272,5191
relation_9268907,Orta Mahallesi,,İstanbul,Pendik,1501,992
relation_9268910,Velibaba Mahallesi,,İstanbul,Pendik,16305,9306
relation_9268920,Ertuğrul Gazi Mahallesi,,İstanbul,Pendik,4975,3627
relation_9268921,Yayalar Mahallesi,,İstanbul,Pendik,4563,4192
relation_9269124,Sülüntepe Mahallesi,,İstanbul,Pendik,8118,7999
relation_9285741,Orhantepe Mahallesi,TR34-Mahalle,İstanbul,Kartal,7595,9060
relation_9285742,Kordonboyu Mahallesi,TR34-Mahalle,İstanbul,Kartal,2037,6636
relation_9285966,Atalar Mahallesi,TR34-Mahalle,İstanbul,Kartal,9741,12533
relation_9285980,Cevizli Mahallesi,TR34-Mahalle,İstanbul,Kartal,10232,7337
relation_9286009,Yakacık Çarşı Mahallesi,TR34-Mahalle,İstanbul,Kartal,4601,7322
relation_9286043,Petrol İş Mahallesi,TR34-Mahalle,İstanbul,Kartal,6059,15089
relation_9286068,Esentepe Mahallesi,TR34-Mahalle,İstanbul,Kartal,9912,10366
relation_9286088,Yukarı Mahallesi,TR34-Mahalle,İstanbul,Kartal,1599,3823
relation_9286104,Karlıktepe Mahallesi,TR34-Mahalle,İstanbul,Kartal,7250,16888
relation_9286195,Çavuşoğlu Mahallesi,TR34-Mahalle,İstanbul,Kartal,3869,6688
relation_9286238,Yunus Mahallesi,TR34-Mahalle,İstanbul,Kartal,4842,5407
relation_9286269,Yalı Mahallesi,TR34-Mahalle,İstanbul,Kartal,4080,4142
relation_9286337,Cumhuriyet Mahallesi,TR34-Mahalle,İstanbul,Kartal,5142,10743
relation_9286355,Orta Mahallesi,TR34-Mahalle,İstanbul,Kartal,6030,6164
relation_9286388,Soğanlık Yeni Mahallesi,TR34-Mahalle,İstanbul,Kartal,8931,10827
relation_9286428,Gümüşpınar Mahallesi,TR34-Mahalle,İstanbul,Kartal,8500,9046
relation_9286454,Hürriyet Mahallesi,TR34-Mahalle,İstanbul,Kartal,16531,17088
relation_9286485,Uğur Mumcu Mahallesi,TR34-Mahalle,İstanbul,Kartal,9872,18464
relation_9286522,Yakacık Yeni Mahallesi,TR34-Mahalle,İstanbul,Kartal,5847,6457
relation_9286607,Bostancı Mahallesi,,İstanbul,Kadıköy,3690,21024
relation_9286614,Suadiye Mahallesi,,İstanbul,Kadıköy,2425,17346
relation_9286639,Rasimpaşa Mahallesi,,İstanbul,Kadıköy,1729,6947
relation_9286657,Ferhatpaşa Mahallesi,,İstanbul,Ataşehir,8898,3994
relation_9286658,Fetih Mahallesi,,İstanbul,Ataşehir,3727,4685
relation_9287004,Kayışdağı Mahallesi,,İstanbul,Ataşehir,15659,12771
relation_9288091,Yenişehir Mahallesi,,İstanbul,Ataşehir,1286,6171
relation_9288097,İnönü Mahallesi,,İstanbul,Ataşehir,9270,9705
relation_9289098,Ambarlı Mahallesi,,İstanbul,Avcılar,7760,12900
relation_9289128,Tahtakale Mahallesi,,İstanbul,Avcılar,19710,16833
relation_9289261,Gürpınar Mahallesi,TR34-Mahalle,İstanbul,Beylikdüzü,6407,5680
relation_9289278,Taşdelen Mahallesi,,İstanbul,Çekmeköy,3479,4147
relation_9293239,Yakuplu Mahallesi,TR34-Mahalle,İstanbul,Beylikdüzü,15966,14355
relation_9296001,Vişnezade Mahallesi,TR34-Mahalle,İstanbul,Beşiktaş,615,3474
relation_9309043,Haznedar Mahallesi,TR34-Mahalle,İstanbul,Güngören,6562,7348
relation_9309109,Çifte Havuzlar Mahallesi,,İstanbul,Esenler,729,715
relation_9314634,Ahmediye Mahallesi,,İstanbul,Büyükçekmece,368,357
relation_9318611,Davutpaşa Mahallesi,TR34-Mahalle,İstanbul,Esenler,5926,4462
relation_9318612,Namık Kemal Mahallesi,TR34-Mahalle,İstanbul,Esenler,5506,4534
relation_9318613,Yavuz Selim Mahallesi,,İstanbul,Esenler,1248,997
relation_9319824,Harbiye Mahallesi,,İstanbul,Şişli,209,1099
relation_9319855,İnönü Mahallesi,,İstanbul,Şişli,567,1307
relation_9319943,Ergenekon Mahallesi,,İstanbul,Şişli,285,1176
relation_9320234,Eskişehir Mahallesi,,İstanbul,Şişli,2273,4941
relation_9320236,Bozkurt Mahallesi,,İstanbul,Şişli,910,6137
relation_9320291,Feriköy Mahallesi,,İstanbul,Şişli,2091,7547
relation_9321888,Mahmut Şevket Paşa Mahallesi,,İstanbul,Şişli,3003,9345
relation_9321890,Halil Rıfat Paşa Mahallesi,,İstanbul,Şişli,1005,2602
relation_9321891,Kaptanpaşa Mahallesi,,İstanbul,Şişli,443,1691
relation_9321912,Halide Edip Adıvar Mahallesi,,İstanbul,Şişli,4620,6567
relation_9321929,Paşa Mahallesi,,İstanbul,Şişli,5041,6909
relation_9321930,Duatepe Mahallesi,,İstanbul,Şişli,996,4398
relation_9322001,Yayla Mahallesi,,İstanbul,Şişli,3451,3996
relation_9324437,Merkez Mahallesi,,İstanbul,Şişli,1232,7367
relation_9324438,Cumhuriyet Mahallesi,,İstanbul,Şişli,567,3768
relation_9324445,19 Mayıs Mahallesi,,İstanbul,Şişli,1485,5268
relation_9324450,Halaskargazi Mahallesi,,İstanbul,Şişli,173,853
relation_9324472,Meşrutiyet Mahallesi,,İstanbul,Şişli,1077,3671
relation_9324473,Teşvikiye Mahallesi,,İstanbul,Şişli,845,6841
relation_9327583,Fulya Mahallesi,,İstanbul,Şişli,2410,9024
relation_9327603,Esentepe Mahallesi,,İstanbul,Şişli,1097,3598
relation_9327605,Mecidiyeköy Mahallesi,,İstanbul,Şişli,4382,7996
relation_9327610,Gülbahar Mahallesi,,İstanbul,Şişli,4964,9551
relation_9327636,Muradiye Mahallesi,,İstanbul,Beşiktaş,494,2942
relation_9327651,Türkali Mahallesi,,İstanbul,Beşiktaş,1401,5253
relation_9327671,Sinanpaşa Mahallesi,,İstanbul,Beşiktaş,266,1043
relation_9327672,Cihannüma Mahallesi,,İstanbul,Beşiktaş,367,2095
relation_9327673,Abbasağa Mahallesi,,İstanbul,Beşiktaş,550,2533
relation_9335346,Gayrettepe Mahallesi,,İstanbul,Beşiktaş,1534,7836
relation_9335348,Balmumcu Mahallesi,,İstanbul,Beşiktaş,319,1602
relation_9335349,Dikilitaş Mahallesi,,İstanbul,Beşiktaş,2661,8661
relation_9335350,Yıldız Mahallesi,,İstanbul,Beşiktaş,524,2827
relation_9335638,Mecidiye Mahallesi,,İstanbul,Beşiktaş,1545,5090
relation_9335689,Ortaköy Mahallesi,,İstanbul,Beşiktaş,1156,4954
relation_9338580,Levazım Mahallesi,,İstanbul,Beşiktaş,553,3654
relation_9338582,Ulus Mahallesi,,İstanbul,Beşiktaş,994,3678
relation_9338583,Nisbetiye Mahallesi,,İstanbul,Beşiktaş,962,7349
relation_9338584,Kültür Mahallesi,,İstanbul,Beşiktaş,517,2709
relation_9338586,Arnavutköy Mahallesi,,İstanbul,Beşiktaş,619,1819
relation_9340106,Kuruçeşme Mahallesi,,İstanbul,Beşiktaş,544,1408
relation_9340873,Konaklar Mahallesi,,İstanbul,Beşiktaş,1949,8722
relation_9340882,Levent Mahallesi,,İstanbul,Beşiktaş,267,1629
relation_9340899,Akat Mahallesi,,İstanbul,Beşiktaş,1315,8265
relation_9343684,Bebek Mahallesi,,İstanbul,Beşiktaş,528,2989
relation_9343698,Etiler Mahallesi,,İstanbul,Beşiktaş,976,6974
relation_9343740,Rumelihisarı Mahallesi,,İstanbul,Sarıyer,1378,5481
relation_9343795,Baltalimanı Mahallesi,,İstanbul,Sarıyer,1263,2393
relation_9343796,Fatih Sultan Mehmet Mahallesi,,İstanbul,Sarıyer,5922,4734
relation_9345828,Emirgan Mahallesi,,İstanbul,Sarıyer,2143,3525
relation_9345829,Reşitpaşa Mahallesi,,İstanbul,Sarıyer,3908,6208
relation_9354191,Talatpaşa Mahallesi,,İstanbul,Kağıthane,13058,9381
relation_9354239,Merkez Mahallesi,,İstanbul,Kağıthane,10329,10199
relation_9354260,Gürsel Mahallesi,,İstanbul,Kağıthane,10025,9771
relation_9354273,Nurtepe Mahallesi,,İstanbul,Kağıthane,6904,10895
relation_9356990,Emniyettepe Mahallesi,,İstanbul,Eyüpsultan,3169,3045
relation_9357003,Güzeltepe Mahallesi,,İstanbul,Eyüpsultan,8194,14863
relation_9357083,Alibeyköy Mahallesi,,İstanbul,Eyüpsultan,4168,3936
relation_9361618,Çamlık Mahallesi,,İstanbul,Pendik,6080,5646
relation_9362930,Hamidiye Mahallesi,,İstanbul,Kağıthane,14642,10867
relation_9362961,Seyrantepe Mahallesi,,İstanbul,Kağıthane,7749,7610
relation_9362979,Sultan Selim Mahallesi,,İstanbul,Kağıthane,14432,9158
relation_9363036,Şirintepe Mahallesi,,İstanbul,Kağıthane,8857,5419
relation_9363037,Emniyetevleri Mahallesi,,İstanbul,Kağıthane,2238,3372
relation_9363124,Çeliktepe Mahallesi,,İstanbul,Kağıthane,10624,10779
relation_9363127,Ortabayır Mahallesi,,İstanbul,Kağıthane,6577,8633
relation_9363133,Telsizler Mahallesi,,İstanbul,Kağıthane,3279,3823
relation_9363158,Gültepe Mahallesi,,İstanbul,Kağıthane,4825,4145
relation_9363201,Harmantepe Mahallesi,,İstanbul,Kağıthane,7269,6292
relation_9363203,Yahya Kemal Mahallesi,,İstanbul,Kağıthane,5714,4220
relation_9363232,Hürriyet Mahallesi,,İstanbul,Kağıthane,7077,6094
relation_9363902,Yenişehir Mahallesi,,İstanbul,Pendik,14662,25826
relation_9379470,Orta Mahallesi,,İstanbul,Bayrampaşa,5188,4304
relation_9379494,Yenidoğan Mahallesi,,İstanbul,Bayrampaşa,5939,5532
relation_9379509,Terazidere Mahallesi,,İstanbul,Bayrampaşa,5143,5178
relation_9379510,Altıntepsi Mahallesi,,İstanbul,Bayrampaşa,9708,9127
relation_9379589,İsmet Paşa Mahallesi,,İstanbul,Bayrampaşa,5148,4581
relation_9379597,Muratpaşa Mahallesi,,İstanbul,Bayrampaşa,13164,9510
relation_9379598,Kartaltepe Mahallesi,,İstanbul,Bayrampaşa,15414,13354
relation_9379636,Cevatpaşa Mahallesi,,İstanbul,Bayrampaşa,7375,4778
relation_9379637,Yıldırım Mahallesi,,İstanbul,Bayrampaşa,15830,18662
relation_9379638,Kocatepe Mahallesi,,İstanbul,Bayrampaşa,7369,5394
relation_9381516,Defterdar Mahallesi,,İstanbul,Eyüpsultan,1755,1166
relation_9381520,Nişancı Mahallesi,,İstanbul,Eyüpsultan,6461,3774
relation_9381554,Merkez Mahallesi,,İstanbul,Eyüpsultan,4556,2881
relation_9381555,Silahtarağa Mahallesi,,İstanbul,Eyüpsultan,3875,2511
relation_9381563,İslambey Mahallesi,,İstanbul,Eyüpsultan,5915,4469
relation_9381569,Düğmeciler Mahallesi,,İstanbul,Eyüpsultan,7189,4895
relation_9381669,Rami Cuma Mahallesi,,İstanbul,Eyüpsultan,4781,5057
relation_9381694,Topçular Mahallesi,,İstanbul,Eyüpsultan,1730,1565
relation_9381765,Rami Yeni Mahallesi,,İstanbul,Eyüpsultan,4823,5037
relation_9381807,Sakarya Mahallesi,,İstanbul,Eyüpsultan,3768,3156
relation_9381849,Esentepe Mahallesi,,İstanbul,Eyüpsultan,7663,6019
relation_9381850,Karadolap Mahallesi,,İstanbul,Eyüpsultan,7515,13569
relation_9381851,Yeşilpınar Mahallesi,,İstanbul,Eyüpsultan,15261,9060
relation_9381855,Çırçır Mahallesi,,İstanbul,Eyüpsultan,11996,11969
relation_9381869,Akşemsettin Mahallesi,,İstanbul,Eyüpsultan,11659,14958
relation_9381909,Yıldıztabya Mahallesi,,İstanbul,Gaziosmanpaşa,8470,7355
relation_9381914,Pazariçi Mahallesi,,İstanbul,Gaziosmanpaşa,3578,4535
relation_9381933,Karlıtepe Mahallesi,,İstanbul,Gaziosmanpaşa,6046,6979
relation_9381934,Yenidoğan Mahallesi,,İstanbul,Gaziosmanpaşa,2524,2712
relation_9387083,Altıntepe Mahallesi,,İstanbul,Maltepe,5424,18109
relation_9387779,Sarıgöl Mahallesi,,İstanbul,Gaziosmanpaşa,7882,8398
relation_9387789,Merkez Mahallesi,,İstanbul,Gaziosmanpaşa,8391,10625
relation_9387822,Bağlarbaşı Mahallesi,,İstanbul,Gaziosmanpaşa,8866,9747
relation_9388924,Karadeniz Mahallesi,,İstanbul,Gaziosmanpaşa,29051,14264
relation_9388925,Barbaros Hayrettin Paşa Mahallesi,,İstanbul,Gaziosmanpaşa,20945,9679
relation_9388940,Yeni Mahalle Mahallesi,,İstanbul,Gaziosmanpaşa,13977,9208
relation_9388951,Hürriyet Mahallesi,,İstanbul,Gaziosmanpaşa,10618,7755
relation_9388968,Şemsipaşa Mahallesi,,İstanbul,Gaziosmanpaşa,9252,7177
relation_9389046,Karayolları Mahallesi,,İstanbul,Gaziosmanpaşa,10080,13484
relation_9389048,Mevlana Mahallesi,,İstanbul,Gaziosmanpaşa,8265,6831
relation_9389050,Fevzi Çakmak Mahallesi,,İstanbul,Gaziosmanpaşa,9296,5777
relation_9389063,Kazım Karabekir Mahallesi,,İstanbul,Gaziosmanpaşa,19137,8596
relation_9389916,75. Yıl Mahallesi,,İstanbul,Sultangazi,9097,11592
relation_9389934,Cumhuriyet Mahallesi,,İstanbul,Sultangazi,5259,3384
relation_9389950,Esentepe Mahallesi,,İstanbul,Sultangazi,23637,13127
relation_9390752,50. Yıl Mahallesi,,İstanbul,Sultangazi,32231,11352
relation_9390753,Uğur Mumcu Mahallesi,,İstanbul,Sultangazi,17428,9013
relation_9390800,Sultançiftliği Mahallesi,,İstanbul,Sultangazi,16691,6958
relation_9390849,İsmetpaşa Mahallesi,,İstanbul,Sultangazi,24314,8900
relation_9390850,Malkoçoğlu Mahallesi,,İstanbul,Sultangazi,6643,1601
relation_9390851,Cebeci Mahallesi,,İstanbul,Sultangazi,25698,11884
relation_9390946,Eski Habipler Mahallesi,,İstanbul,Sultangazi,5855,1923
relation_9391277,Yayla Mahallesi,,İstanbul,Sultangazi,3957,1132
relation_9391290,Habibler Mahallesi,,İstanbul,Sultangazi,3502,1429
relation_9391449,Abdurrahman Nafiz Gürman Mahallesi,,İstanbul,Güngören,4527,8755
relation_9391461,Mehmet Nesih Özmen Mahallesi,,İstanbul,Güngören,2421,3462
relation_9391469,Tozkoparan Mahallesi,,İstanbul,Güngören,4267,5733
relation_9393065,Sanayi Mahallesi,,İstanbul,Güngören,4300,3184
relation_9393066,Gençosman Mahallesi,,İstanbul,Güngören,12787,9883
relation_9393094,Güven Mahallesi,,İstanbul,Güngören,5020,5284
relation_9393125,Mareşal Çakmak Mahallesi,,İstanbul,Güngören,11097,7763
relation_9393126,Akıncılar Mahallesi,,İstanbul,Güngören,7455,5136
relation_9393147,Güneştepe Mahallesi,,İstanbul,Güngören,18791,11695
relation_9393153,Merkez Mahallesi,,İstanbul,Güngören,16212,11186
relation_9395063,Karakiraz Mahallesi,,İstanbul,Şile,130,82
relation_9395077,Kurna Mahallesi,,İstanbul,Şile,118,72
relation_9397085,Örnek Mahallesi,,İstanbul,Ataşehir,8353,10894
relation_9397114,Esatpaşa Mahallesi,,İstanbul,Ataşehir,10316,11883
relation_9397171,Yenisahra Mahallesi,,İstanbul,Ataşehir,3553,2531
relation_9397186,Aşıkveysel Mahallesi,,İstanbul,Ataşehir,1925,6697
relation_9397189,Mustafa Kemal Mahallesi,,İstanbul,Ataşehir,2589,6845
relation_9397234,Barbaros Mahallesi,,İstanbul,Ataşehir,6235,13864
relation_9397246,Atatürk Mahallesi,,İstanbul,Ataşehir,3353,18199
relation_9397264,Mevlana Mahallesi,,İstanbul,Ataşehir,6521,5696
relation_9397321,Mimar Sinan Mahallesi,,İstanbul,Ataşehir,4441,1696
relation_9397322,Yeni Çamlıca Mahallesi,,İstanbul,Ataşehir,4953,3580
relation_9397725,Marmara Mahallesi,,İstanbul,Beylikdüzü,11345,7305
relation_9397726,Adnan Kahveci Mahallesi,,İstanbul,Beylikdüzü,22973,39279
relation_9397727,Dereağzı Mahallesi,,İstanbul,Beylikdüzü,5476,5500
relation_9397784,Büyükşehir Mahallesi,,İstanbul,Beylikdüzü,3791,10680
relation_9397785,Cumhuriyet Mahallesi,,İstanbul,Beylikdüzü,3323,11778
relation_9399739,Sofular Mahallesi,,İstanbul,Şile,166,103
relation_9399740,Alacalı Mahallesi,,İstanbul,Şile,292,184
relation_9399760,Doğancılı Mahallesi,,İstanbul,Şile,393,245
relation_9399761,Avcıkoru Mahallesi,,İstanbul,Şile,63,27
relation_9399808,Yeşilvadi Mahallesi,,İstanbul,Şile,84,104
relation_9399866,Bıçkıdere Mahallesi,,İstanbul,Şile,209,62
relation_9399878,Kervansaray Mahallesi,,İstanbul,Şile,202,83
relation_9399909,Esenceli Mahallesi,,İstanbul,Şile,57,12
relation_9399910,Kömürlük Mahallesi,,İstanbul,Şile,146,49
relation_9399929,Üvezli Mahallesi,,İstanbul,Şile,276,75
relation_9400038,Sahilköy Mahallesi,,İstanbul,Şile,418,307
relation_9421907,Fevzi Çakmak Mahallesi,,İstanbul,Esenler,12194,7745
relation_9421908,Mimar Sinan Mahallesi,,İstanbul,Esenler,5207,3440
relation_9422004,Nine Hatun Mahallesi,,İstanbul,Esenler,15928,9909
relation_9422033,Menderes Mahallesi,,İstanbul,Esenler,12850,7066
relation_9422081,Fatih Mahallesi,,İstanbul,Esenler,18770,8232
relation_9422082,Kazım Karabekir Mahallesi,,İstanbul,Esenler,13800,8709
relation_9422209,Tuna Mahallesi,,İstanbul,Esenler,13073,7318
relation_9423100,Kemer Mahallesi,,İstanbul,Esenler,8893,5050
relation_9423101,Birlik Mahallesi,,İstanbul,Esenler,11193,6229
relation_9423103,Atışalanı Mahallesi,,İstanbul,Esenler,14713,6477
relation_9423121,Turgut Reis Mahallesi,,İstanbul,Esenler,20382,8519
relation_9423122,Oruçreis Mahallesi,,İstanbul,Esenler,15540,8307
relation_9423794,Yenigün Mahallesi,,İstanbul,Bağcılar,8805,4949
relation_9423795,Merkez Mahallesi,,İstanbul,Bağcılar,9968,7151
relation_9423797,Yıldıztepe Mahallesi,,İstanbul,Bağcılar,14468,8931
relation_9424008,100. Yıl Mahallesi,,İstanbul,Bağcılar,19396,9611
relation_9424009,Mahmutbey Mahallesi,,İstanbul,Bağcılar,8760,5876
relation_9424010,Göztepe Mahallesi,,İstanbul,Bağcılar,14174,8215
relation_9424011,Fatih Mahallesi,,İstanbul,Bağcılar,14589,11073
relation_9424012,Demirkapı Mahallesi,,İstanbul,Bağcılar,18688,13072
relation_9424080,Kemalpaşa Mahallesi,,İstanbul,Bağcılar,11018,9374
relation_9424081,Fevzi Çakmak Mahallesi,,İstanbul,Bağcılar,11981,8452
relation_9424082,15 Temmuz Mahallesi,,İstanbul,Bağcılar,18611,11058
relation_9424874,Yenimahalle Mahallesi,,İstanbul,Bağcılar,12067,9731
relation_9424883,Yavuz Selim Mahallesi,,İstanbul,Bağcılar,10971,6943
relation_9424884,Kirazlı Mahallesi,,İstanbul,Bağcılar,15027,10187
relation_9424885,İnönü Mahallesi,,İstanbul,Bağcılar,9421,5618
relation_9424887,Sancaktepe Mahallesi,,İstanbul,Bağcılar,6891,5652
relation_9424888,Çınar Mahallesi,,İstanbul,Bağcılar,13408,8399
relation_9424901,Barbaros Mahallesi,,İstanbul,Bağcılar,7971,4917
relation_9424902,Hürriyet Mahallesi,,İstanbul,Bağcılar,8175,8467
relation_9426227,Osmanağa Mahallesi,,İstanbul,Kadıköy,741,4626
relation_9432145,Kurna Mahallesi,,İstanbul,Pendik,454,324
relation_9432146,Harmandere Mahallesi,,İstanbul,Pendik,2272,3382
relation_9432147,Kurtköy Mahallesi,,İstanbul,Pendik,12948,10687
relation_9432148,Kurtdoğmuş Mahallesi,,İstanbul,Pendik,214,145
relation_9432149,Emirli Mahallesi,,İstanbul,Pendik,90,87
relation_9432150,Ballıca Mahallesi,,İstanbul,Pendik,251,165
relation_9437877,Soğanlı Mahallesi,,İstanbul,Bahçelievler,22266,22503
relation_9437947,Cumhuriyet Mahallesi,,İstanbul,Bahçelievler,14093,12045
relation_9437957,Kocasinan Merkez Mahallesi,,İstanbul,Bahçelievler,23348,21887
relation_9437990,Şirinevler Mahallesi,,İstanbul,Bahçelievler,18890,15844
relation_9437991,Hürriyet Mahallesi,,İstanbul,Bahçelievler,15101,12600
relation_9437992,Zafer Mahallesi,,İstanbul,Bahçelievler,28595,22627
relation_9437993,Yenibosna Merkez Mahallesi,,İstanbul,Bahçelievler,11568,10698
relation_9437994,Çobançeşme Mahallesi,,İstanbul,Bahçelievler,12096,7881
relation_9437995,Fevzi Çakmak Mahallesi,,İstanbul,Bahçelievler,9099,6575
relation_9439702,Osmaniye Mahallesi,,İstanbul,Bakırköy,5398,9987
relation_9439829,Kartaltepe Mahallesi,,İstanbul,Bakırköy,5792,19147
relation_9439830,Zuhuratbaba Mahallesi,,İstanbul,Bakırköy,2859,10723
relation_9439859,Yenimahalle Mahallesi,,İstanbul,Bakırköy,837,3413
relation_9439860,Cevizlik Mahallesi,,İstanbul,Bakırköy,642,2563
relation_9439861,Sakızağacı Mahallesi,,İstanbul,Bakırköy,1001,4381
relation_9439884,Zeytinlik Mahallesi,,İstanbul,Bakırköy,595,2777
relation_9441032,Caferağa Mahallesi,,İstanbul,Kadıköy,1665,14284
relation_9441078,Koşuyolu Mahallesi,,İstanbul,Kadıköy,981,4080
relation_9441153,Fındıklı Mahallesi,,İstanbul,Maltepe,22633,18089
relation_9441289,Selimiye Mahallesi,,İstanbul,Üsküdar,1201,3882
relation_9441320,Kuştepe Mahallesi,,İstanbul,Şişli,4181,4516
relation_9441339,Hasanpaşa Mahallesi,,İstanbul,Kadıköy,2947,7526
relation_9443987,Acıbadem Mahallesi,,İstanbul,Kadıköy,4272,17611
relation_9444034,Zühtüpaşa Mahallesi,,İstanbul,Kadıköy,693,5492
relation_9444099,Eğitim Mahallesi,,İstanbul,Kadıköy,2841,6477
relation_9444116,Fikirtepe Mahallesi,,İstanbul,Kadıköy,2865,4383
relation_9444828,Feneryolu Mahallesi,,İstanbul,Kadıköy,2418,17365
relation_9444841,Fenerbahçe Mahallesi,,İstanbul,Kadıköy,1585,13652
relation_9444876,Dumlupınar Mahallesi,,İstanbul,Kadıköy,2231,4514
relation_9444892,Göztepe Mahallesi,,İstanbul,Kadıköy,3555,26162
relation_9444902,Merdivenköy Mahallesi,,İstanbul,Kadıköy,5517,17914
relation_9444910,Caddebostan Mahallesi,,İstanbul,Kadıköy,1663,13186
relation_9444927,Sahrayıcedit Mahallesi,,İstanbul,Kadıköy,5643,17323
relation_9444949,19 Mayıs Mahallesi,,İstanbul,Kadıköy,3877,20138
relation_9444950,Erenköy Mahallesi,,İstanbul,Kadıköy,5077,21092
relation_9445120,Küçükyalı Merkez Mahallesi,,İstanbul,Maltepe,5350,13545
relation_9445147,Aydınevler Mahallesi,,İstanbul,Maltepe,5307,8116
relation_9445177,Başıbüyük Mahallesi,,İstanbul,Maltepe,7815,6472
relation_9445218,Büyükbakkalköy Mahallesi,,İstanbul,Maltepe,656,543
relation_9445274,Çınar Mahallesi,,İstanbul,Maltepe,3683,10950
relation_9445299,İdealtepe Mahallesi,,İstanbul,Maltepe,3878,14113
relation_9445317,Yalı Mahallesi,,İstanbul,Maltepe,2426,6460
relation_9445332,Feyzullah Mahallesi,,İstanbul,Maltepe,3679,11050
relation_9445347,Altayçeşme Mahallesi,,İstanbul,Maltepe,7395,15372
relation_9445356,Girne Mahallesi,,İstanbul,Maltepe,5086,8336
relation_9445445,Zümrütevler Mahallesi,,İstanbul,Maltepe,23963,31766
relation_9445460,Bağlarbaşı Mahallesi,,İstanbul,Maltepe,10850,19299
relation_9445486,Gülensu Mahallesi,,İstanbul,Maltepe,2295,7811
relation_9445507,Cevizli Mahallesi,,İstanbul,Maltepe,11247,16033
relation_9445548,Esenkent Mahallesi,,İstanbul,Maltepe,5511,7254
relation_9445549,Gülsuyu Mahallesi,,İstanbul,Maltepe,4347,5595
relation_9445707,Barış Mahallesi,,İstanbul,Beylikdüzü,10613,26229
relation_9445744,Sahil Mahallesi,,İstanbul,Beylikdüzü,1903,1619
relation_9445745,Kavaklı Mahallesi,,İstanbul,Beylikdüzü,17695,13491
relation_9446484,Şamlar Mahallesi,,İstanbul,Başakşehir,574,248
relation_9447736,Denizköşkler Mahallesi,,İstanbul,Avcılar,9416,15300
relation_9449359,Ataköy 1. Kısım Mahallesi,,İstanbul,Bakırköy,206,951
relation_9449571,Ataköy 3-4-11. Kısım Mahallesi,,İstanbul,Bakırköy,914,4811
relation_9449572,Ataköy 2-5-6. Kısım Mahallesi,,İstanbul,Bakırköy,2023,7520
relation_9449682,Ataköy 7-8-9-10. Kısım Mahallesi,,İstanbul,Bakırköy,2881,14899
relation_9449714,Yeşilköy Mahallesi,,İstanbul,Bakırköy,2419,13141
relation_9449760,Yeşilyurt Mahallesi,,İstanbul,Bakırköy,941,3933
relation_9451432,Şenlikköy Mahallesi,,İstanbul,Bakırköy,6915,11399
relation_9453999,Gümüşpala Mahallesi,,İstanbul,Avcılar,10336,12540
relation_9454000,Yeşilkent Mahallesi,,İstanbul,Avcılar,18109,25448
relation_9454013,Üniversite Mahallesi,,İstanbul,Avcılar,4941,7991
relation_9454014,Mustafa Kemal Paşa Mahallesi,,İstanbul,Avcılar,13205,16307
relation_9454020,Merkez Mahallesi,,İstanbul,Avcılar,5834,10111
relation_9454022,Cihangir Mahallesi,,İstanbul,Avcılar,15939,21977
relation_9460089,Muratbey Merkez Mahallesi,,İstanbul,Çatalca,350,614
relation_9460103,Celaliye Mahallesi,,İstanbul,Büyükçekmece,1764,2687
relation_9460117,Kamiloba Mahallesi,,İstanbul,Büyükçekmece,1991,3256
relation_9460130,Kumburgaz Mahallesi,,İstanbul,Büyükçekmece,2376,3126
relation_9460292,Yenimahalle Mahallesi,,İstanbul,Büyükçekmece,604,874
relation_9460298,Bahçelievler Mahallesi,,İstanbul,Büyükçekmece,1502,1239
relation_9460313,Türkoba Mahallesi,,İstanbul,Büyükçekmece,5260,3481
relation_9460363,Güzelce Mahallesi,,İstanbul,Büyükçekmece,2140,3911
relation_9460377,Mimarsinan Mahallesi,,İstanbul,Büyükçekmece,3082,2782
relation_9460378,Murat Çesme Mahallesi,,İstanbul,Büyükçekmece,7072,4218
relation_9460393,Kınalıada Mahallesi,,İstanbul,Adalar,345,1122
relation_9460394,Burgazada Mahallesi,,İstanbul,Adalar,200,1013
relation_9460395,Heybeliada Mahallesi,,İstanbul,Adalar,822,1981
relation_9460396,Nizam Mahallesi,,İstanbul,Adalar,680,1920
relation_9460397,Maden Mahallesi,,İstanbul,Adalar,905,2444
relation_9461411,Başak Mahallesi,,İstanbul,Başakşehir,26549,14814
relation_9461512,Ziya Gökalp Mahallesi,,İstanbul,Başakşehir,6216,6428
relation_9461575,Başakşehir Mahallesi,,İstanbul,Başakşehir,25415,13094
relation_9461576,Güvercintepe Mahallesi,,İstanbul,Başakşehir,21084,19598
relation_9463224,Salacak Mahallesi,,İstanbul,Üsküdar,1884,4692
relation_9463235,Aziz Mahmut Hüdayi Mahallesi,,İstanbul,Üsküdar,2304,3643
relation_9463238,Ahmediye Mahallesi,,İstanbul,Üsküdar,2225,4070
relation_9463242,Mimar Sinan Mahallesi,,İstanbul,Üsküdar,3442,3975
relation_9463258,Sultantepe Mahallesi,,İstanbul,Üsküdar,3258,4137
relation_9463276,Zeynep Kamil Mahallesi,,İstanbul,Üsküdar,3522,4948
relation_9463280,Barbaros Mahallesi,,İstanbul,Üsküdar,3239,9450
relation_9463281,Valide-i Atik Mahallesi,,İstanbul,Üsküdar,5899,8389
relation_9463285,Muratreis Mahallesi,,İstanbul,Üsküdar,3475,5897
relation_9463286,Selami Ali Mahallesi,,İstanbul,Üsküdar,3804,4969
relation_9463313,Kuzguncuk Mahallesi,,İstanbul,Üsküdar,895,2046
relation_9463324,Kandilli Mahallesi,,İstanbul,Üsküdar,225,721
relation_9463333,İcadiye Mahallesi,,İstanbul,Üsküdar,3873,7606
relation_9463334,Göksu Mahallesi,,İstanbul,Beykoz,741,922
relation_9463364,Beylerbeyi Mahallesi,,İstanbul,Üsküdar,1535,2102
relation_9463376,Çengelköy Mahallesi,,İstanbul,Üsküdar,5398,4029
relation_9463385,Küçük Çamlıca Mahallesi,,İstanbul,Üsküdar,3904,3058
relation_9463387,Burhaniye Mahallesi,,İstanbul,Üsküdar,5981,4769
relation_9463388,Kuleli Mahallesi,,İstanbul,Üsküdar,714,781
relation_9463391,Acıbadem Mahallesi,,İstanbul,Üsküdar,4047,12788
relation_9463396,Altunizade Mahallesi,,İstanbul,Üsküdar,2842,6292
relation_9463397,Küplüce Mahallesi,,İstanbul,Üsküdar,7364,4014
relation_9463407,Kirazlıtepe Mahallesi,,İstanbul,Üsküdar,4402,1763
relation_9463410,Ferah Mahallesi,,İstanbul,Üsküdar,8889,5318
relation_9463414,Mehmet Akif Ersoy Mahallesi,,İstanbul,Üsküdar,8097,5037
relation_9463416,Küçüksu Mahallesi,,İstanbul,Üsküdar,5503,7262
relation_9463417,Güzeltepe Mahallesi,,İstanbul,Üsküdar,5355,3500
relation_9463420,Bahçelievler Mahallesi,,İstanbul,Üsküdar,6778,8698
relation_9463421,Yavuztürk Mahallesi,,İstanbul,Üsküdar,12623,8980
relation_9463491,Mehmet Akif Mahallesi,,İstanbul,Çekmeköy,11217,9812
relation_9463508,Çamlık Mahallesi,,İstanbul,Çekmeköy,7081,6562
relation_9463512,Hamidiye Mahallesi,,İstanbul,Çekmeköy,9550,10141
relation_9463567,Sinanoba Mahallesi,,İstanbul,Büyükçekmece,2690,8125
relation_9463576,Mimaroba Mahallesi,,İstanbul,Büyükçekmece,3835,9337
relation_9463578,Ekinoba Mahallesi,,İstanbul,Büyükçekmece,3312,6030
relation_9463584,Ulus Mahallesi,,İstanbul,Büyükçekmece,7080,3397
relation_9463590,Hürriyet Mahallesi,,İstanbul,Büyükçekmece,9910,4610
relation_9463608,Karaağaç Mahallesi,,İstanbul,Büyükçekmece,1429,1593
relation_9463624,Alkent 2000 Mahallesi,,İstanbul,Büyükçekmece,1303,2350
relation_9463636,Çakmaklı Mahallesi,,İstanbul,Büyükçekmece,1589,1625
relation_9463650,19 Mayıs Mahallesi,,İstanbul,Büyükçekmece,2550,3093
relation_9464083,Dizdariye Mahallesi,,İstanbul,Büyükçekmece,2051,2464
relation_9464095,Pınartepe Mahallesi,,İstanbul,Büyükçekmece,5366,6813
relation_9464113,Fatih Mahallesi,,İstanbul,Büyükçekmece,4200,8505
relation_9464129,Cumhuriyet Mahallesi,,İstanbul,Büyükçekmece,1886,3165
relation_9464130,Atatürk Mahallesi,,İstanbul,Büyükçekmece,3391,7906
relation_9464444,Mimar Sinan Mahallesi,,İstanbul,Çekmeköy,8066,9381
relation_9466595,Fatih Mahallesi,,İstanbul,Sancaktepe,13430,9932
relation_9467293,Bahşayiş Mahallesi,,İstanbul,Çatalca,168,125
relation_9471951,Nakkaş Mahallesi,,İstanbul,Çatalca,235,316
relation_9472571,Aşık Veysel Mahallesi,,İstanbul,Esenyurt,2542,8053
relation_9472572,Esenkent Mahallesi,,İstanbul,Esenyurt,1385,5071
relation_9472573,Ardıçlı Mahallesi,,İstanbul,Esenyurt,1854,2763
relation_9475337,Kısırkaya Mahallesi,,İstanbul,Sarıyer,124,138
relation_9475338,Gümüşdere Mahallesi,,İstanbul,Sarıyer,771,856
relation_9475439,Altınşehir Mahallesi,,İstanbul,Başakşehir,7234,6177
relation_9475447,Kayabaşı Mahallesi,,İstanbul,Başakşehir,39523,16386
relation_9475448,Şahintepe Mahallesi,,İstanbul,Başakşehir,9220,10066
relation_9475457,Bahçeşehir 2. Kısım Mahallesi,,İstanbul,Başakşehir,10267,24055
relation_9475458,Bahçeşehir 1. Kısım Mahallesi,,İstanbul,Başakşehir,6402,14507
relation_9479743,İshaklı Mahallesi,,İstanbul,Beykoz,739,189
relation_9479744,Kılıçlı Mahallesi,,İstanbul,Beykoz,300,112
relation_9479745,Bozhane Mahallesi,,İstanbul,Beykoz,200,136
relation_9479803,Polonezköy Mahallesi,,İstanbul,Beykoz,76,142
relation_9479805,Öğümce Mahallesi,,İstanbul,Beykoz,142,215
relation_9479806,Göllü Mahallesi,,İstanbul,Beykoz,104,83
relation_9479807,Paşamandıra Mahallesi,,İstanbul,Beykoz,675,239
relation_9479808,Riva Mahallesi,,İstanbul,Beykoz,910,1053
relation_9479839,Alibahadır Mahallesi,,İstanbul,Beykoz,387,156
relation_9479917,Görele Mahallesi,,İstanbul,Beykoz,678,737
relation_9479970,Mahmutşevketpaşa Mahallesi,,İstanbul,Beykoz,778,484
relation_9480875,Akpınar Mahallesi,,İstanbul,Sancaktepe,8284,6198
relation_9480877,Emek Mahallesi,,İstanbul,Sancaktepe,6906,9708
relation_9480879,Meclis Mahallesi,,İstanbul,Sancaktepe,6926,11073
relation_9480886,Veysel Karani Mahallesi,,İstanbul,Sancaktepe,7479,8268
relation_9481740,Merkez Mahallesi,,İstanbul,Çekmeköy,10701,9013
relation_9481748,Kirazlıdere Mahallesi,,İstanbul,Çekmeköy,3171,3326
relation_9483017,Ferhatpaşa Mahallesi,,İstanbul,Çatalca,7674,10423
relation_9483212,Kaleiçi Mahallesi,,İstanbul,Çatalca,2256,2723
relation_9483660,İzzettin Mahallesi,,İstanbul,Çatalca,419,464
relation_9488959,Anadolufeneri Mahallesi,,İstanbul,Beykoz,284,209
relation_9488961,Kaynarca Mahallesi,,İstanbul,Beykoz,412,117
relation_9488997,Poyrazköy Mahallesi,,İstanbul,Beykoz,468,140
relation_9488998,Anadolu Kavağı Mahallesi,,İstanbul,Beykoz,396,523
relation_9488999,Tokatköy Mahallesi,,İstanbul,Beykoz,5796,3478
relation_9489001,Akbaba Mahallesi,,İstanbul,Beykoz,1156,738
relation_9489100,Merkez Mahallesi,,İstanbul,Beykoz,1760,2189
relation_9489133,Elmalı Mahallesi,,İstanbul,Beykoz,1521,597
relation_9489219,Zerzavatçı Mahallesi,,İstanbul,Beykoz,490,202
relation_9489220,Örnekköy Mahallesi,,İstanbul,Beykoz,1952,846
relation_9489253,Dereseki Mahallesi,,İstanbul,Beykoz,717,437
relation_9489323,Ortaçeşme Mahallesi,,İstanbul,Beykoz,3113,2251
relation_9489348,Çamlıbahçe Mahallesi,,İstanbul,Beykoz,2333,1907
relation_9493908,Yalıköy Mahallesi,,İstanbul,Beykoz,1621,1900
relation_9493939,Gümüşsuyu Mahallesi,,İstanbul,Beykoz,5563,3714
relation_9493940,İncirköy Mahallesi,,İstanbul,Beykoz,6279,5460
relation_9493958,Acarlar Mahallesi,,İstanbul,Beykoz,856,4096
relation_9493991,Paşabahçe Mahallesi,,İstanbul,Beykoz,913,1757
relation_9494014,Soğuksu Mahallesi,,İstanbul,Beykoz,3388,3871
relation_9495280,Sarıgazi Mahallesi,,İstanbul,Sancaktepe,5172,10159
relation_9525823,Aydınlar Mahallesi,,İstanbul,Çekmeköy,5527,6866
relation_9526165,Soğukpınar Mahallesi,,İstanbul,Çekmeköy,3561,2761
relation_9526221,Cumhuriyet Mahallesi,,İstanbul,Çekmeköy,5387,5180
relation_9526222,Güngören Mahallesi,,İstanbul,Çekmeköy,3792,3076
relation_9526253,Sultançiftliği Mahallesi,,İstanbul,Çekmeköy,5853,6048
relation_9530301,Çakıl Mahallesi,,İstanbul,Çatalca,833,990
relation_9531481,Ovayenice Mahallesi,,İstanbul,Çatalca,279,555
relation_9531489,Elbasan Mahallesi,,İstanbul,Çatalca,138,323
relation_9531780,Selimpaşa Mahallesi,,İstanbul,Silivri,7383,7483
relation_9531802,İnceğiz Mahallesi,,İstanbul,Çatalca,344,289
relation_9531810,Gökçeali Mahallesi,,İstanbul,Çatalca,622,654
relation_9533391,Kabakça Mahallesi,,İstanbul,Çatalca,725,639
relation_9533419,Akalan Mahallesi,,İstanbul,Çatalca,173,680
relation_9533502,Subaşı Mahallesi,,İstanbul,Çatalca,488,604
relation_9533706,Oklalı Mahallesi,,İstanbul,Çatalca,551,372
relation_9533733,Kestanelik Mahallesi,,İstanbul,Çatalca,736,925
relation_9533881,Örcünlü Mahallesi,,İstanbul,Çatalca,126,211
relation_9533888,Kızılcaali Mahallesi,,İstanbul,Çatalca,50,118
relation_9533923,Çanakça Mahallesi,,İstanbul,Çatalca,1102,995
relation_9536586,İhsaniye Mahallesi,,İstanbul,Çatalca,289,1054
relation_9536741,Dağyenice Mahallesi,,İstanbul,Çatalca,192,390
relation_9536790,Yazlık Mahallesi,,İstanbul,Çatalca,133,128
relation_9577224,Maden Mahallesi,,İstanbul,Sarıyer,3841,5714
relation_9577538,Göztepe Mahallesi,,İstanbul,Beykoz,1482,3948
relation_9577570,Yeni Mahalle Mahallesi,,İstanbul,Beykoz,7504,5078
relation_9577603,Baklacı Mahallesi,,İstanbul,Beykoz,1531,493
relation_9577627,Fatih Mahallesi,,İstanbul,Beykoz,1878,983
relation_9577636,Rüzgarlıbahçe Mahallesi,,İstanbul,Beykoz,3238,2023
relation_9578449,Anadolu Hisarı Mahallesi,,İstanbul,Beykoz,496,1235
relation_9578450,Kanlıca Mahallesi,,İstanbul,Beykoz,757,2021
relation_9578464,Çubuklu Mahallesi,,İstanbul,Beykoz,7978,6039
relation_9578496,Çiğdem Mahallesi,,İstanbul,Beykoz,3898,3866
relation_9578568,Kavacık Mahallesi,,İstanbul,Beykoz,6836,7785
relation_9586433,Kalfa Mahallesi,,İstanbul,Çatalca,209,389
relation_9617957,Örencik Mahallesi,,İstanbul,Çatalca,468,280
relation_9617980,Celepköy Mahallesi,,İstanbul,Çatalca,111,86
relation_9618065,Başak Mahallesi,,İstanbul,Çatalca,79,220
relation_9618269,Gümüşpınar Mahallesi,,İstanbul,Çatalca,292,437
relation_9618275,Hisarbeyli Mahallesi,,İstanbul,Çatalca,123,163
relation_9618395,Belgrat Mahallesi,,İstanbul,Çatalca,94,199
relation_9618406,Çiftlikköy,,İstanbul,Çatalca,207,1211
relation_9618646,Ormanlı Mahallesi,,İstanbul,Çatalca,473,294
relation_9618736,Karamandere Mahallesi,,İstanbul,Çatalca,223,263
relation_9619158,Aydınlar Mahallesi,,İstanbul,Çatalca,431,252
relation_9619159,Yaylacık Mahallesi,,İstanbul,Çatalca,7,55
relation_9619392,Karacaköy Merkez Mahallesi,,İstanbul,Çatalca,999,793
relation_9619871,Hallaçlı Mahallesi,,İstanbul,Çatalca,498,779
relation_9619872,Fatih Mahallesi,,İstanbul,Çatalca,455,485
relation_9619873,Yalıköy Mahallesi,,İstanbul,Çatalca,343,802
relation_9619874,Atatürk Mahallesi,,İstanbul,Çatalca,381,536
relation_9620132,Yassıören Mahallesi,,İstanbul,Arnavutköy,251,208
relation_9620409,Akçaburgaz Mahallesi,,İstanbul,Esenyurt,9193,5119
relation_9620429,Orhan Gazi Mahallesi,,İstanbul,Esenyurt,4728,4740
relation_9620430,Koza Mahallesi,,İstanbul,Esenyurt,955,2475
relation_9620439,Osmangazi Mahallesi,,İstanbul,Esenyurt,10775,7903
relation_9620447,Süleymaniye Mahallesi,,İstanbul,Esenyurt,9167,10355
relation_9620448,Yenikent Mahallesi,,İstanbul,Esenyurt,6033,7542
relation_9620521,İnönü Mahallesi,,İstanbul,Sancaktepe,4264,12515
relation_9620523,Kemal Türkler Mahallesi,,İstanbul,Sancaktepe,5738,8250
relation_9620544,Ekşioğlu Mahallesi,,İstanbul,Çekmeköy,3758,2024
relation_9623005,Atatürk Mahallesi,,İstanbul,Sancaktepe,6128,14019
relation_9623018,Eyüp Sultan Mahallesi,,İstanbul,Sancaktepe,8589,5477
relation_9623052,Osmangazi Mahallesi,,İstanbul,Sancaktepe,18562,11164
relation_9623060,Yenidoğan Mahallesi,,İstanbul,Sancaktepe,8512,6723
relation_9623078,Yunus Emre Mahallesi,,İstanbul,Sancaktepe,10538,5484
relation_9623096,Hilal Mahallesi,,İstanbul,Sancaktepe,2214,1371
relation_9623102,Safa Mahallesi,,İstanbul,Sancaktepe,9163,5110
relation_9623105,Mevlana Mahallesi,,İstanbul,Sancaktepe,6840,5531
relation_9623145,Abdurrahmangazi Mahallesi,,İstanbul,Sancaktepe,13804,13085
relation_9623146,Merve Mahallesi,,İstanbul,Sancaktepe,7696,5190
relation_9623215,Yeşilbayır Mahallesi,,İstanbul,Arnavutköy,198,236
relation_9642513,Gökevler Mahallesi,,İstanbul,Esenyurt,3152,4092
relation_9642514,Atatürk Mahallesi,,İstanbul,Esenyurt,3330,5474
relation_9642530,Yunus Emre Mahallesi,,İstanbul,Esenyurt,5970,6889
relation_9642531,İncirtepe Mahallesi,,İstanbul,Esenyurt,7059,8980
relation_9642576,Sultaniye Mahallesi,,İstanbul,Esenyurt,5456,5465
relation_9642577,Balıkyolu Mahallesi,,İstanbul,Esenyurt,8718,7926
relation_9642578,İnönü Mahallesi,,İstanbul,Esenyurt,7475,7871
relation_9642609,Zafer Mahallesi,,İstanbul,Esenyurt,3818,5276
relation_9642610,Namık Kemal Mahallesi,,İstanbul,Esenyurt,6707,7761
relation_9642611,Turgut Özal Mahallesi,,İstanbul,Esenyurt,7564,8325
relation_9642612,Saadetdere Mahallesi,,İstanbul,Esenyurt,7742,7495
relation_9642644,Örnek Mahallesi,,İstanbul,Esenyurt,5461,6888
relation_9642645,Çınar Mahallesi,,İstanbul,Esenyurt,7460,9385
relation_9642646,Selahaddin Eyyubi Mahallesi,,İstanbul,Esenyurt,6107,9124
relation_9642748,Mevlana Mahallesi,,İstanbul,Esenyurt,2906,6369
relation_9642749,Cumhuriyet Mahallesi,,İstanbul,Esenyurt,2826,5194
relation_9642750,Piri Reis Mahallesi,,İstanbul,Esenyurt,2811,5149
relation_9642751,Barbaros Hayrettin Paşa Mahallesi,,İstanbul,Esenyurt,5111,10876
relation_9642765,Güzelyurt Mahallesi,,İstanbul,Esenyurt,4701,4652
relation_9642812,Pınar Mahallesi,,İstanbul,Esenyurt,9334,12503
relation_9642813,Battalgazi Mahallesi,,İstanbul,Esenyurt,4991,5011
relation_9642814,Şehitler Mahallesi,,İstanbul,Esenyurt,5329,4638
relation_9642815,Necip Fazıl Kısakürek Mahallesi,,İstanbul,Esenyurt,5399,5131
relation_9642816,Hürriyet Mahallesi,,İstanbul,Esenyurt,7582,7912
relation_9642817,İstiklal Mahallesi,,İstanbul,Esenyurt,6344,4888
relation_9642893,Mehterçeşme Mahallesi,,İstanbul,Esenyurt,10128,11192
relation_9642894,Yeşilkent Mahallesi,,İstanbul,Esenyurt,6887,9025
relation_9642964,Merkez Mahallesi,,İstanbul,Esenyurt,8351,8998
relation_9642965,Üçevler Mahallesi,,İstanbul,Esenyurt,7187,8000
relation_9642966,Fatih Mahallesi,,İstanbul,Esenyurt,7550,7569
relation_9642967,Talatpaşa Mahallesi,,İstanbul,Esenyurt,7345,7885
relation_9642969,Mehmet Akif Ersoy Mahallesi,,İstanbul,Esenyurt,7575,7019
relation_9643178,Ortaköy Mahallesi,,İstanbul,Silivri,1194,1599
relation_9643188,Kavaklı Hürriyet Mahallesi,,İstanbul,Silivri,546,662
relation_9643199,Kavaklı İstiklal Mahallesi,,İstanbul,Silivri,617,812
relation_9643200,Cumhuriyet Mahallesi,,İstanbul,Silivri,2626,3173
relation_9643210,Gazitepe Mahallesi,,İstanbul,Silivri,302,576
relation_9643220,Kadıköy Mahallesi,,İstanbul,Silivri,382,709
relation_9643322,Alipaşa Mahallesi,,İstanbul,Silivri,267,467
relation_9643345,Mimar Sinan Mahallesi,,İstanbul,Silivri,7198,8279
relation_9643346,Piri Mehmet Paşa Mahallesi,,İstanbul,Silivri,1840,3580
relation_9643347,Alibey Mahallesi,,İstanbul,Silivri,4683,7526
relation_9643348,Fatih Mahallesi,,İstanbul,Silivri,1882,2641
relation_9643867,Fener Mahallesi,,İstanbul,Silivri,381,733
relation_9643888,Küçük Kılıçlı Mahallesi,,İstanbul,Silivri,89,154
relation_9643897,Akören Mahallesi,,İstanbul,Silivri,342,724
relation_9643904,Bekirli Mahallesi,,İstanbul,Silivri,32,142
relation_9644016,Yavuz Selim Mahallesi,,İstanbul,Beykoz,2445,1045
relation_9644017,Çengeldere Mahallesi,,İstanbul,Beykoz,2632,892
relation_9644306,Alemdağ Mahallesi,,İstanbul,Çekmeköy,3079,2865
relation_9644504,Huzur Mahallesi,,İstanbul,Sarıyer,1078,3617
relation_9644505,Maslak Mahallesi,,İstanbul,Sarıyer,1263,4476
relation_9644506,Ayazağa Mahallesi,,İstanbul,Sarıyer,13263,9373
relation_9644555,Poligon Mahallesi,,İstanbul,Sarıyer,1683,2653
relation_9644556,Pınar Mahallesi,,İstanbul,Sarıyer,3943,3373
relation_9644572,Darüşşafaka Mahallesi,,İstanbul,Sarıyer,772,5362
relation_9644584,Çamlıtepe Mahallesi,,İstanbul,Sarıyer,1771,2241
relation_9644592,Ferahevler Mahallesi,,İstanbul,Sarıyer,5484,5056
relation_9644648,İstinye Mahallesi,,İstanbul,Sarıyer,5531,5340
relation_9644656,PTT Evleri Mahallesi,,İstanbul,Sarıyer,1574,1493
relation_9644665,Bahçeköy Kemer Mahallesi,,İstanbul,Sarıyer,851,741
relation_9644695,Bahçeköy Merkez Mahallesi,,İstanbul,Sarıyer,1117,1410
relation_9644714,Cumhuriyet Mahallesi,,İstanbul,Sarıyer,3804,3813
relation_9644728,Kazım Karabekir Paşa Mahallesi,,İstanbul,Sarıyer,2126,3525
relation_9644762,Tarabya Mahallesi,,İstanbul,Sarıyer,3825,8459
relation_9644763,Kireçburnu Mahallesi,,İstanbul,Sarıyer,1487,3236
relation_9644764,Yeniköy Mahallesi,,İstanbul,Sarıyer,4847,5472
relation_9644785,Kocataş Mahallesi,,İstanbul,Sarıyer,1713,1429
relation_9644790,Çayırbaşı Mahallesi,,İstanbul,Sarıyer,1422,1818
relation_9644824,Büyükdere Mahallesi,,İstanbul,Sarıyer,2131,3972
relation_9645050,Uskumruköy Mahallesi,,İstanbul,Sarıyer,955,5104
relation_9645084,Zekeriyaköy Mahallesi,,İstanbul,Sarıyer,2299,12169
relation_9645135,Kumköy (Kilyos) Mahallesi,,İstanbul,Sarıyer,859,1658
relation_9645141,Rumelikavağı Mahallesi,,İstanbul,Sarıyer,1274,1228
relation_9645153,Demirciköy Mahallesi,,İstanbul,Sarıyer,304,769
relation_9645159,Garipçe Mahallesi,,İstanbul,Sarıyer,223,48
relation_9645160,Rumelifeneri Mahallesi,,İstanbul,Sarıyer,965,937
relation_9669360,Semizkumlar Mahallesi,,İstanbul,Silivri,1185,1885
relation_9670364,Danamandıra Mahallesi,,İstanbul,Silivri,318,527
relation_9670918,Sayalar Mahallesi,,İstanbul,Silivri,138,587
relation_9675979,Mimar Sinan Mahallesi,,İstanbul,Eyüpsultan,1486,2547
relation_9677347,Mithatpaşa Mahallesi,,İstanbul,Eyüpsultan,1847,3264
relation_9677558,Göktürk Merkez Mahallesi,,İstanbul,Eyüpsultan,6670,18241
relation_9677564,Pirinççi Mahallesi,,İstanbul,Eyüpsultan,1824,464
relation_9677566,Işıklar Mahallesi,,İstanbul,Eyüpsultan,264,123
relation_9677569,İhsaniye Mahallesi,,İstanbul,Eyüpsultan,92,62
relation_9677573,Odayeri Mahallesi,,İstanbul,Eyüpsultan,83,114
relation_9677586,Çiftalan Mahallesi,,İstanbul,Eyüpsultan,88,43
relation_9677587,Ağaçlı Mahallesi,,İstanbul,Eyüpsultan,182,185
relation_9677588,Akpınar Mahallesi,,İstanbul,Eyüpsultan,366,394
relation_9679437,Değirmenköy Fevzipaşa Mahallesi,,İstanbul,Silivri,976,1358
relation_9679470,Çatalmeşe Mahallesi,,İstanbul,Çekmeköy,5272,3568
relation_9679498,Reşadiye Mahallesi,,İstanbul,Çekmeköy,967,737
relation_9679518,Nişantepe Mahallesi,,İstanbul,Çekmeköy,2722,2880
relation_9679582,Hüseyinli Mahallesi,,İstanbul,Çekmeköy,411,193
relation_9679639,Sırapınar Mahallesi,,İstanbul,Çekmeköy,353,470
relation_9679693,Koçullu Mahallesi,,İstanbul,Çekmeköy,741,197
relation_9679694,Ömerli Mahallesi,,İstanbul,Çekmeköy,1288,2277
relation_9680133,Balaban Mahallesi,,İstanbul,Arnavutköy,120,234
relation_9680169,Terkos Mahallesi,,İstanbul,Arnavutköy,272,372
relation_9680170,Karaburun Mahallesi,,İstanbul,Arnavutköy,758,549
relation_9680204,Arnavutköy Merkez Mahallesi,,İstanbul,Arnavutköy,8660,4684
relation_9680382,Mustafa Kemal Paşa Mahallesi,,İstanbul,Arnavutköy,6285,3007
relation_9680508,Boğazköy İstiklal Mahallesi,,İstanbul,Arnavutköy,4179,2536
relation_9680532,Durusu Mahallesi,,İstanbul,Arnavutköy,244,311
relation_9680547,Hacımaşlı Mahallesi,,İstanbul,Arnavutköy,299,145
relation_9680567,Ömerli Mahallesi,,İstanbul,Arnavutköy,2272,1903
relation_9680568,Deliklikaya Mahallesi,,İstanbul,Arnavutköy,1984,2353
relation_9680573,Taşoluk Mahallesi,,İstanbul,Arnavutköy,3635,1560
relation_9680598,Hastane Mahallesi,,İstanbul,Arnavutköy,3329,2882
relation_9680605,Hadımköy Mahallesi,,İstanbul,Arnavutköy,10394,5638
relation_9680610,Sazlıbosna Mahallesi,,İstanbul,Arnavutköy,448,344
relation_9680620,Boyalık Mahallesi,,İstanbul,Arnavutköy,296,234
relation_9680653,Karlıbayır Mahallesi,,İstanbul,Arnavutköy,4356,1850
relation_9680656,İslambey Mahallesi,,İstanbul,Arnavutköy,9726,4720
relation_9680662,Yavuz Selim Mahallesi,,İstanbul,Arnavutköy,4808,2743
relation_9680709,Mareşal Fevzi Çakmak Mahallesi,,İstanbul,Arnavutköy,2659,1083
relation_9680710,Mehmet Akif Ersoy Mahallesi,,İstanbul,Arnavutköy,2917,1215
relation_9680712,Fatih Mahallesi,,İstanbul,Arnavutköy,1514,655
relation_9680713,Adnan Menderes Mahallesi,,İstanbul,Arnavutköy,1701,1021
relation_9680733,İmrahor Mahallesi,,İstanbul,Arnavutköy,3839,2610
relation_9680749,Baklalı Mahallesi,,İstanbul,Arnavutköy,393,256
relation_9680766,Çilingir Mahallesi,,İstanbul,Arnavutköy,525,287
relation_9680772,Haraççı Mahallesi,,İstanbul,Arnavutköy,3656,2461
relation_9680774,Dursunköy Mahallesi,,İstanbul,Arnavutköy,202,112
relation_9680778,Yeniköy Mahallesi,,İstanbul,Arnavutköy,543,538
relation_9680779,Tayakadın Mahallesi,,İstanbul,Arnavutköy,1304,685
relation_9681982,Yolçatı Mahallesi,,İstanbul,Silivri,120,157
relation_9681983,Çeltik Mahallesi,,İstanbul,Silivri,323,479
relation_9682004,Değirmenköy İsmetpaşa Mahallesi,,İstanbul,Silivri,895,1438
relation_9682023,Çanta Balaban Mahallesi,,İstanbul,Silivri,1131,1726
relation_9682058,Çayırdere Mahallesi,,İstanbul,Silivri,356,793
relation_9682224,Büyük Çavuşlu Mahallesi,,İstanbul,Silivri,899,1315
relation_9682262,Büyük Sinekli Mahallesi,,İstanbul,Silivri,110,226
relation_9682263,Küçük Sinekli Mahallesi,,İstanbul,Silivri,48,71
relation_9682312,Beyciler Mahallesi,,İstanbul,Silivri,350,744
relation_9682646,Büyük Kılıçlı Mahallesi,,İstanbul,Silivri,373,526
relation_9682647,Seymen Mahallesi,,İstanbul,Silivri,235,599
relation_9682747,Çanta Sancaktepe Mahallesi,,İstanbul,Silivri,1757,2053
relation_9682749,Kurfallı Mahallesi,,İstanbul,Silivri,180,245
relation_6648277,Atatürk Mahallesi,,İstanbul,Ümraniye,9553,7343
relation_9308675,Şerifali Mahallesi,,İstanbul,Ümraniye,2118,3967
relation_9308676,Yukarı Dudullu Mahallesi,,İstanbul,Ümraniye,8835,4413
relation_9424886,Kâzım Karabekir Mahallesi,,İstanbul,Ümraniye,7945,2835
relation_9462467,Esenşehir Mahallesi,,İstanbul,Ümraniye,5858,6213
relation_9462497,Madenler Mahallesi,,İstanbul,Ümraniye,4726,5493
relation_9462498,Esenkent Mahallesi,,İstanbul,Ümraniye,7556,5025
relation_9462526,Necip Fazıl Mahallesi,,İstanbul,Ümraniye,9451,8465
relation_9462528,Aşağı Dudullu Mahallesi,,İstanbul,Ümraniye,5229,3955
relation_9462535,Huzur Mahallesi,,İstanbul,Ümraniye,5031,2740
relation_9462548,Adem Yavuz Mahallesi,,İstanbul,Ümraniye,7254,3457
relation_9462585,Parseller Mahallesi,,İstanbul,Ümraniye,5265,4999
relation_9462597,Hekimbaşı Mahallesi,,İstanbul,Ümraniye,3508,1349
relation_9462625,Topağacı Mahallesi,,İstanbul,Ümraniye,6329,2844
relation_9462638,Kazım Karabekir Mahallesi,,İstanbul,Ümraniye,7945,2835
relation_9462650,İnkılap Mahallesi,,İstanbul,Ümraniye,11942,6043
relation_9462671,Dumlupınar Mahallesi,,İstanbul,Ümraniye,5174,2988
relation_9462686,Elmalıkent Mahallesi,,İstanbul,Ümraniye,7336,6847
relation_9462693,Tantavi Mahallesi,,İstanbul,Ümraniye,4154,3630
relation_9462770,Atatürk Mahallesi,,İstanbul,Ümraniye,9553,7343
relation_9462798,Yamanevler Mahallesi,,İstanbul,Ümraniye,5627,4415
relation_9462821,Namık Kemal Mahallesi,,İstanbul,Ümraniye,11271,8206
relation_9462835,Fatih Sultan Mehmet Mahallesi,,İstanbul,Ümraniye,1716,1253
relation_9462845,Esenevler Mahallesi,,İstanbul,Ümraniye,8893,8522
relation_9462868,İstiklal Mahallesi,,İstanbul,Ümraniye,17964,14479
relation_9462888,Atakent Mahallesi,,İstanbul,Ümraniye,5866,7969
relation_9462890,Finanskent Mahallesi,,İstanbul,Ümraniye,272,746
relation_9462897,Armağanevler Mahallesi,,İstanbul,Ümraniye,12954,13436
relation_9462905,Site Mahallesi,,İstanbul,Ümraniye,4368,10035
relation_9462915,Çamlık Mahallesi,,İstanbul,Ümraniye,7516,8353
relation_9462938,Tatlısu Mahallesi,,İstanbul,Ümraniye,4309,10867
relation_9462941,Çakmak Mahallesi,,İstanbul,Ümraniye,13955,11053
relation_9462967,Tepeüstü Mahallesi,,İstanbul,Ümraniye,5442,3483
relation_9462968,Ihlamurkuyu Mahallesi,,İstanbul,Ümraniye,5994,4180
relation_9462977,Mehmet Akif Mahallesi,,İstanbul,Ümraniye,7222,9665
relation_9462981,Altınşehir Mahallesi,,İstanbul,Ümraniye,11730,7159
relation_9462984,Cemil Meriç Mahallesi,,İstanbul,Ümraniye,8471,5699
relation_6745047,Atakent Mahallesi,,Ankara,Etimesgut,4469,7315
relation_6745048,Topçu Mahallesi,,Ankara,Etimesgut,10574,9408
relation_6745049,Oğuzlar Mahallesi,,Ankara,Etimesgut,4645,6042
relation_6745064,Ayyıldız Mahallesi,,Ankara,Etimesgut,4891,6078
relation_6745097,Ahi Mesut Mahallesi,,Ankara,Etimesgut,10819,10216
relation_6745117,Elvan Mahallesi,,Ankara,Etimesgut,9911,5706
relation_6745118,Piyade Mahallesi,,Ankara,Etimesgut,13297,7090
relation_6745141,Süvari Mahallesi,,Ankara,Etimesgut,14159,7546
relation_6745142,Kazım Karabekir Mahallesi,,Ankara,Etimesgut,7099,4231
relation_6745143,İstasyon Mahallesi,,Ankara,Etimesgut,9296,6773
relation_6745165,Alsancak Mahallesi,,Ankara,Etimesgut,10774,6416
relation_6745185,Bağlıca Mahallesi,,Ankara,Etimesgut,3881,10138
relation_6747513,Şeker Mahallesi,,Ankara,Etimesgut,2655,4083
relation_6747514,Şehit Osman Avcı Mahallesi,,Ankara,Etimesgut,4450,12678
relation_6747515,Altay Mahallesi,,Ankara,Etimesgut,2745,7008
relation_6747547,Göksu Mahallesi,,Ankara,Etimesgut,6706,15387
relation_6747548,Şeyh Şamil Mahallesi,,Ankara,Etimesgut,3705,9478
relation_6747568,Tunahan Mahallesi,,Ankara,Etimesgut,3722,12444
relation_6747569,Güzelkent Mahallesi,,Ankara,Etimesgut,3206,7812
relation_6747593,Eryaman Mahallesi,,Ankara,Etimesgut,6015,14992
relation_6747594,Yavuz Selim Mahallesi,,Ankara,Etimesgut,2377,5259
relation_6747595,Yeşilova Mahallesi,,Ankara,Etimesgut,3349,3535
relation_6747635,Etiler Mahallesi,,Ankara,Etimesgut,2937,3082
relation_6747684,Erler Mahallesi,,Ankara,Etimesgut,1230,3296
relation_6747744,30 Ağustos Mahallesi,,Ankara,Etimesgut,9781,5183
relation_6748082,Bahçekapı Mahallesi,,Ankara,Etimesgut,763,1232
relation_6789375,Fatih Sultan Mahallesi,,Ankara,Etimesgut,572,2016
relation_12946871,Yeni Bağlıca Mahallesi,,Ankara,Etimesgut,4360,11638
relation_12946872,Devlet Mahallesi,,Ankara,Etimesgut,3780,6971
relation_15054434,Yapracık Mahallesi,,Ankara,Etimesgut,1517,3461
relation_15062620,Orhun Mahallesi,,Ankara,Etimesgut,75,248
relation_15062621,Yukarıyurtçu Mahallesi,,Ankara,Etimesgut,334,837
relation_15062622,Aşağıyurtçu Mahallesi,,Ankara,Etimesgut,243,353
relation_15062623,Atayurt Mahallesi,,Ankara,Etimesgut,4520,6843
relation_15062688,Turkuaz Mahallesi,,Ankara,Etimesgut,2167,5074
relation_15063735,Balıkuyumcu Mahallesi,,Ankara,Etimesgut,302,100
relation_15063736,Şehitali Mahallesi,,Ankara,Etimesgut,235,278
relation_15063737,Fevziye Mahallesi,,Ankara,Etimesgut,208,95
relation_6753443,Erzurum Mahallesi,,Ankara,Çankaya,440,1091
relation_6753459,Cebeci Mahallesi,,Ankara,Çankaya,763,2445
relation_6770649,Ertuğrulgazi Mahallesi,,Ankara,Çankaya,1221,3127
relation_6770650,Fakülteler Mahallesi,,Ankara,Çankaya,707,2698
relation_6770656,Çamlıtepe Mahallesi,,Ankara,Çankaya,1020,3174
relation_6770696,İleri Mahallesi,,Ankara,Çankaya,889,1808
relation_6770914,Ön Cebeci Mahallesi,,Ankara,Çankaya,647,2562
relation_6770915,İncesu Mahallesi,,Ankara,Çankaya,560,1583
relation_6770961,Topraklık Mahallesi,,Ankara,Çankaya,296,598
relation_6770962,Dilekler Mahallesi,,Ankara,Çankaya,61,87
relation_6770976,Fidanlık Mahallesi,,Ankara,Çankaya,123,671
relation_6770977,Sağlık Mahallesi,,Ankara,Çankaya,102,254
relation_6771251,Zafertepe Mahallesi,,Ankara,Çankaya,601,907
relation_6771252,Göktürk Mahallesi,,Ankara,Çankaya,901,1817
relation_6771326,Mimar Sinan Mahallesi,,Ankara,Çankaya,859,1419
relation_6771327,Metin Oktay Mahallesi,,Ankara,Çankaya,1113,2400
relation_6771385,Aşıkpaşa Mahallesi,,Ankara,Çankaya,2144,3608
relation_6771397,Bayraktar Mahallesi,,Ankara,Çankaya,699,2356
relation_6771418,Büyükesat Mahallesi,,Ankara,Çankaya,769,4788
relation_6771450,Kazım Özalp Mahallesi,,Ankara,Çankaya,463,2673
relation_6774560,Umut Mahallesi,,Ankara,Çankaya,1485,3645
relation_6774561,Murat Mahallesi,,Ankara,Çankaya,647,1647
relation_6774604,Küçükesat Mahallesi,,Ankara,Çankaya,271,1656
relation_6774605,Doğuş Mahallesi,,Ankara,Çankaya,324,1612
relation_6774715,Esatoğlu Mahallesi,,Ankara,Çankaya,313,2200
relation_6774716,Muhsin Ertuğrul Mahallesi,,Ankara,Çankaya,389,1821
relation_6774717,Kavaklıdere Mahallesi,,Ankara,Çankaya,558,3575
relation_6774795,Tınaztepe Mahallesi,,Ankara,Çankaya,529,3350
relation_6774796,Seyranbağları Mahallesi,,Ankara,Çankaya,1111,3644
relation_6774812,Barbaros Mahallesi,,Ankara,Çankaya,384,3581
relation_6774813,Gaziosmanpaşa Mahallesi,,Ankara,Çankaya,275,2264
relation_6774849,Birlik Mahallesi,,Ankara,Çankaya,4354,16777
relation_6774990,Kırkkonaklar Mahallesi,,Ankara,Çankaya,3332,9430
relation_6774991,Bağcılar Mahallesi,,Ankara,Çankaya,425,1677
relation_6774999,Bademlidere Mahallesi,,Ankara,Çankaya,421,1048
relation_6776399,Boztepe Mahallesi,,Ankara,Çankaya,404,263
relation_6776400,Güvenevler Mahallesi,,Ankara,Çankaya,677,5972
relation_6776427,Aziziye Mahallesi,,Ankara,Çankaya,1042,6790
relation_6776519,Güzeltepe Mahallesi,,Ankara,Çankaya,536,3746
relation_6776520,Yıldızevler Mahallesi,,Ankara,Çankaya,1473,7234
relation_6776562,Hilal Mahallesi,,Ankara,Çankaya,1014,3427
relation_6776563,İlkbahar Mahallesi,,Ankara,Çankaya,2000,8251
relation_6776797,Sancak Mahallesi,,Ankara,Çankaya,1762,5714
relation_6776826,Çankaya Mahallesi,,Ankara,Çankaya,871,3851
relation_6776870,Orta İmrahor Mahallesi,,Ankara,Çankaya,139,70
relation_6776871,Remzi Oğuz Arık Mahallesi,,Ankara,Çankaya,435,3194
relation_6776895,Ayrancı Mahallesi,,Ankara,Çankaya,1701,10567
relation_6776913,Kültür Mahallesi,,Ankara,Çankaya,401,2049
relation_6777018,Kocatepe Mahallesi,,Ankara,Çankaya,103,362
relation_6777019,Meşrutiyet Mahallesi,,Ankara,Çankaya,84,230
relation_6777209,Cumhuriyet Mahallesi,,Ankara,Çankaya,18,58
relation_6777210,Kızılay Mahallesi,,Ankara,Çankaya,179,482
relation_6777211,Korkutreis Mahallesi,,Ankara,Çankaya,197,410
relation_6777212,Eti Mahallesi,,Ankara,Çankaya,152,436
relation_6777213,Maltepe Mahallesi,,Ankara,Çankaya,1080,5044
relation_6779435,Yücetepe Mahallesi,,Ankara,Çankaya,585,2840
relation_6779557,Anıttepe Mahallesi,,Ankara,Çankaya,546,2651
relation_6779579,Mebusevleri Mahallesi,,Ankara,Çankaya,421,2419
relation_6779580,Bahçelievler Mahallesi,,Ankara,Çankaya,1012,6676
relation_6779619,Yukarı Bahçelievler Mahallesi,,Ankara,Çankaya,1563,9170
relation_6779678,Emek Mahallesi,,Ankara,Çankaya,2775,13089
relation_6779679,Balgat Mahallesi,,Ankara,Çankaya,763,1427
relation_6779680,Nasuh Akar Mahallesi,,Ankara,Çankaya,818,1814
relation_6779698,Devlet Mahallesi,,Ankara,Çankaya,211,696
relation_6783096,Oğuzlar Mahallesi,,Ankara,Çankaya,1744,3084
relation_6783097,Ehlibeyt Mahallesi,,Ankara,Çankaya,499,1702
relation_6783098,Yukarı Öveçler Mahallesi,,Ankara,Çankaya,652,2079
relation_6783132,Cevizlidere Mahallesi,,Ankara,Çankaya,3149,5821
relation_6783133,Huzur Mahallesi,,Ankara,Çankaya,3672,8316
relation_6783217,Gökkuşağı Mahallesi,,Ankara,Çankaya,2181,3558
relation_6783218,Akpınar Mahallesi,,Ankara,Çankaya,2571,6077
relation_6783285,Karapınar Mahallesi,,Ankara,Çankaya,1846,4606
relation_6786489,Ata Mahallesi,,Ankara,Çankaya,2164,6040
relation_6786490,Şehit Cengiz Karaca Mahallesi,,Ankara,Çankaya,1659,3823
relation_6786491,Aydınlar Mahallesi,,Ankara,Çankaya,1178,2942
relation_6786507,Şehit Cevdet Özdemir Mahallesi,,Ankara,Çankaya,1777,4246
relation_6786508,Öveçler Mahallesi,,Ankara,Çankaya,1940,4295
relation_6786509,Sokullu Mehmet Paşa Mahallesi,,Ankara,Çankaya,1789,4174
relation_6786510,Harbiye Mahallesi,,Ankara,Çankaya,3394,10527
relation_6786604,Aşağı Öveçler Mahallesi,,Ankara,Çankaya,1654,4064
relation_6786647,İlkadım Mahallesi,,Ankara,Çankaya,2302,6981
relation_6786697,Naci Çakır Mahallesi,,Ankara,Çankaya,1668,4724
relation_6786698,Osman Temiz Mahallesi,,Ankara,Çankaya,1458,5357
relation_6786699,Malazgirt Mahallesi,,Ankara,Çankaya,1470,2973
relation_6786722,Keklik Pınarı Mahallesi,,Ankara,Çankaya,2923,7142
relation_6786723,Mürsel Uluç Mahallesi,,Ankara,Çankaya,3549,9333
relation_6787175,Metin Akkuş Mahallesi,,Ankara,Çankaya,426,1664
relation_6787176,İlker Mahallesi,,Ankara,Çankaya,432,1747
relation_6787222,Kızılırmak Mahallesi,,Ankara,Çankaya,1225,3084
relation_6787293,Çukurambar Mahallesi,,Ankara,Çankaya,2500,6570
relation_6787479,Söğütözü Mahallesi,,Ankara,Çankaya,725,1799
relation_6789062,İşçi Blokları Mahallesi,,Ankara,Çankaya,2418,10730
relation_6789063,Çiğdem Mahallesi,,Ankara,Çankaya,1468,8091
relation_6789069,Üniversiteler Mahallesi,,Ankara,Çankaya,928,8956
relation_6789073,Mustafa Kemal Mahallesi,,Ankara,Çankaya,1103,3931
relation_6789092,Mutlukent Mahallesi,,Ankara,Çankaya,2006,11889
relation_6789093,Ümit Mahallesi,,Ankara,Çankaya,1451,9087
relation_6789110,Çayyolu Mahallesi,,Ankara,Çankaya,765,4172
relation_6789120,Koru Mahallesi,,Ankara,Çankaya,1149,9515
relation_6789121,Konutkent Mahallesi,,Ankara,Çankaya,828,6125
relation_6789274,Yaşamkent Mahallesi,,Ankara,Çankaya,2341,14181
relation_6789284,Alacaatlı Mahallesi,,Ankara,Çankaya,5126,24384
relation_6789345,Dodurga Mahallesi,,Ankara,Çankaya,1595,6788
relation_6789346,Prof. Dr. Ahmet Taner Kışlalı Mahallesi,,Ankara,Çankaya,1765,12735
relation_6789376,Beytepe Mahallesi,,Ankara,Çankaya,2623,8306
relation_6792629,Ahlatlıbel Mahallesi,,Ankara,Çankaya,2797,3937
relation_8732916,Dumlupınar Mahallesi,,Ankara,Çankaya,1383,5192
relation_13764530,Aşağı İmrahor Mahallesi,,Ankara,Çankaya,70,55
relation_16326514,Yeşilkent Mahallesi,,Ankara,Çankaya,310,110
relation_17057548,Tohumlar Mahallesi,,Ankara,Çankaya,137,26
relation_17057549,Karataş Mahallesi,,Ankara,Çankaya,289,198
relation_17564652,Kömürcü Mahallesi,,Ankara,Çankaya,72,16
relation_17564653,Yakupabdal Mahallesi,,Ankara,Çankaya,1783,743
relation_17565392,Yayla Mahallesi,,Ankara,Çankaya,155,19
relation_17565393,Çavuşlu Mahallesi,,Ankara,Çankaya,145,52
relation_17565394,Karahasanlı Mahallesi,,Ankara,Çankaya,130,66
relation_17565395,Akarlar Mahallesi,,Ankara,Çankaya,50,10
relation_17565396,Evciler Mahallesi,,Ankara,Çankaya,97,22
relation_3914752,Aşağıemirler Mahallesi,,Ankara,Çubuk,5,127
relation_5419868,Cumhuriyet Mahallesi,,Ankara,Çubuk,8573,3264
relation_5621167,Yıldırım Beyazıt Mahallesi,,Ankara,Çubuk,9528,2652
relation_8451033,Muhsin Yazıcıoğlu Mahallesi,,Ankara,Çubuk,656,225
relation_10104958,Ovacık Mahallesi,,Ankara,Çubuk,2,110
relation_10115265,Eğriekin Mahallesi,,Ankara,Çubuk,58,6
relation_10217709,Güldarpı Mahallesi,,Ankara,Çubuk,391,81
relation_11354387,Kuruçay Mahallesi,,Ankara,Çubuk,191,7
relation_11356128,Kışlacık Mahallesi,,Ankara,Çubuk,135,12
relation_13156854,Fatih Mahallesi,,Ankara,Çubuk,295,96
relation_13200843,Yazır Mahallesi,,Ankara,Çubuk,198,13
relation_14510600,Taşpınar Mahallesi,,Ankara,Çubuk,174,89
relation_14510601,Sünlü Mahallesi,,Ankara,Çubuk,281,78
relation_14581699,Ağılcık Mahallesi,,Ankara,Çubuk,271,28
relation_14585335,Atatürk Mahallesi,,Ankara,Çubuk,5031,942
relation_14585497,Barbaros Mahallesi,,Ankara,Çubuk,3898,785
relation_16355834,Yiğitli Mahallesi,,Ankara,Çubuk,59,8
relation_16355835,Kavaklı Mahallesi,,Ankara,Çubuk,54,2
relation_16365796,Durhasan mahallesi,,Ankara,Çubuk,103,4
relation_16366655,Yaylak mahallesi,,Ankara,Çubuk,29,5
relation_16376856,Yıldırımevci mahallesi,,Ankara,Çubuk,40,8
relation_16537826,İkipınar Mahallesi,,Ankara,Çubuk,142,7
relation_16538741,Melikşah Mahallesi,,Ankara,Çubuk,318,64
relation_16538742,Kızılca Mahallesi,,Ankara,Çubuk,291,26
relation_16686516,Dumlupınar Mahallesi,,Ankara,Çubuk,843,168
relation_16686570,Yenice Mahallesi,,Ankara,Çubuk,538,123
relation_16811141,Uluağaç Mahallesi,,Ankara,Çubuk,49,5
relation_16826728,Ömercik Mahallesi,,Ankara,Çubuk,24,49
relation_16826863,Akkuzulu Mahallesi,,Ankara,Çubuk,1504,240
relation_16827018,Kargın Mahallesi,,Ankara,Çubuk,4,155
relation_16827495,Kapaklı Mahallesi,,Ankara,Çubuk,84,16
relation_16827496,Mutlu Mahallesi,,Ankara,Çubuk,55,25
relation_16827497,Kızılöz Mahallesi,,Ankara,Çubuk,36,6
relation_17147248,Karaçam Mahallesi,,Ankara,Çubuk,26,4
relation_17147353,Yeşilkent Mahallesi,,Ankara,Çubuk,68,2
relation_17147431,Çatokçular Mahallesi,,Ankara,Çubuk,89,6
relation_17149096,Nusratlar Mahallesi,,Ankara,Çubuk,53,8
relation_17154548,Kızılören Mahallesi,,Ankara,Çubuk,46,1
relation_17155019,Hacılar Mahallesi,,Ankara,Çubuk,60,14
relation_17160555,Yukarı Çavundur Mahallesi,,Ankara,Çubuk,377,27
relation_17164822,Kösrelik Mahallesi,,Ankara,Çubuk,6,137
relation_17164904,Sarısu Mahallesi,,Ankara,Çubuk,9,121
relation_17164949,Meşeli Mahallesi,,Ankara,Çubuk,4,124
relation_17164950,Dalyasan Mahallesi,,Ankara,Çubuk,4,44
relation_17165141,Demirci Mahallesi,,Ankara,Çubuk,5,109
relation_17174777,Camili Mahallesi,,Ankara,Çubuk,131,4
relation_17174908,Kuyumcu Mahallesi,,Ankara,Çubuk,4,54
relation_17191633,Küçükali Mahallesi,,Ankara,Çubuk,48,3
relation_17192009,Eskiçöte Mahallesi,,Ankara,Çubuk,57,18
relation_17203655,Akbayır Mahallesi,,Ankara,Çubuk,63,5
relation_17208083,Karadana Mahallesi,,Ankara,Çubuk,99,5
relation_17214445,Dedeler Mahallesi,,Ankara,Çubuk,43,8
relation_17215006,Susuz Mahallesi,,Ankara,Çubuk,26,120
relation_17225769,Okçular Mahallesi,,Ankara,Çubuk,40,8
relation_17225865,Mahmutoğlan Mahallesi,,Ankara,Çubuk,3,113
relation_17225883,Çitköy Mahallesi,,Ankara,Çubuk,7,57
relation_17225939,Saraycık Mahallesi,,Ankara,Çubuk,32,8
relation_17226043,Sarıkoz Mahallesi,,Ankara,Çubuk,6,34
relation_17226091,Sele Mahallesi,,Ankara,Çubuk,5,16
relation_17226109,Yazlıca Mahallesi,,Ankara,Çubuk,12,3
relation_17227243,Karaman Mahallesi,,Ankara,Çubuk,26,3
relation_17227298,Karaağaç Mahallesi,,Ankara,Çubuk,7,22
relation_17227305,Tahtayazı Mahallesi,,Ankara,Çubuk,176,27
relation_17227388,Gökçedere Mahallesi,,Ankara,Çubuk,126,26
relation_17227466,Sığırlıhacı Mahallesi,,Ankara,Çubuk,80,17
relation_17228131,Kutuören Mahallesi,,Ankara,Çubuk,117,10
relation_17228132,Tuğla Mahallesi,,Ankara,Çubuk,28,12
relation_17229122,Gümüşyayla Mahallesi,,Ankara,Çubuk,70,23
relation_17229378,Yakuphasan Mahallesi,,Ankara,Çubuk,77,14
relation_17229626,Karataş Mahallesi,,Ankara,Çubuk,55,3
relation_17229765,Özlüce Mahallesi,,Ankara,Çubuk,51,6
relation_17566258,Avcıova Mahallesi,,Ankara,Çubuk,30,6
relation_1810971,Gökler Mahallesi,,Ankara,Ayaş,135,63
relation_13753686,Gençali Mahallesi,,Ankara,Ayaş,230,133
relation_14507855,Akkaya Mahallesi,,Ankara,Ayaş,158,43
relation_17807626,Oltan Mahallesi,,Ankara,Ayaş,731,211
relation_20247227,Tekke Mahallesi,,Ankara,Ayaş,162,97
relation_20247228,Dervişimam Mahallesi,,Ankara,Ayaş,41,64
relation_20247229,Camiatik Mahallesi,,Ankara,Ayaş,24,58
relation_20247230,Ferahfaki Mahallesi,,Ankara,Ayaş,280,291
relation_20247231,Hacımemi Mahallesi,,Ankara,Ayaş,87,176
relation_20247232,Hacıveli Mahallesi,,Ankara,Ayaş,126,203
relation_20247233,Hacırecep Mahallesi,,Ankara,Ayaş,289,351
relation_20247234,Emine Tevfika Ayaşlı Mahallesi,,Ankara,Ayaş,319,335
relation_20247236,Uğurçayırı Mahallesi,,Ankara,Ayaş,37,31
relation_20247238,Ilıca Mahallesi,,Ankara,Ayaş,361,107
relation_20247341,Bayram Mahallesi,,Ankara,Ayaş,86,91
relation_20247342,İlhanköy Mahallesi,,Ankara,Ayaş,181,34
relation_20247343,Şeyhmuhittin Mahallesi,,Ankara,Ayaş,67,123
relation_20247344,Başayaş Mahallesi,,Ankara,Ayaş,120,35
relation_20247345,Başbereket Mahallesi,,Ankara,Ayaş,80,39
relation_20247346,Gökçebağ Mahallesi,,Ankara,Ayaş,33,64
relation_20247347,Ulupınar Mahallesi,,Ankara,Ayaş,24,36
relation_20249608,Pınaryaka Mahallesi,,Ankara,Ayaş,137,49
relation_20249609,Evci Mahallesi,,Ankara,Ayaş,67,25
relation_20249610,Feruz Mahallesi,,Ankara,Ayaş,159,28
relation_20249611,Bayat Mahallesi,,Ankara,Ayaş,90,57
relation_20249612,Ömeroğlu Mahallesi,,Ankara,Ayaş,86,148
relation_20249615,Yağmurdede Mahallesi,,Ankara,Ayaş,106,81
relation_20249616,Ortabereket Mahallesi,,Ankara,Ayaş,151,115
relation_6652689,Malazgirt Mahallesi,,Ankara,Sincan,16004,5023
relation_6652734,Tandoğan Mahallesi,,Ankara,Sincan,14100,4942
relation_6725996,Atatürk Mahallesi,,Ankara,Sincan,9204,4929
relation_6726010,Maraşal Çakmak Mahallesi,,Ankara,Sincan,14834,7247
relation_6726011,Andiçen Mahallesi,,Ankara,Sincan,8746,4107
relation_6726055,Osmanlı Mahallesi,,Ankara,Sincan,8635,5245
relation_6726111,Pınarbaşı Mahallesi,,Ankara,Sincan,20399,7018
relation_6726112,Ertuğrulgazi Mahallesi,,Ankara,Sincan,5548,5048
relation_6726163,Selçuklu Mahallesi,,Ankara,Sincan,12878,6875
relation_6726164,Plevne Mahallesi,,Ankara,Sincan,12459,6478
relation_6726193,Akşemsettin Mahallesi,,Ankara,Sincan,9483,5060
relation_6726260,İstasyon Mahallesi,,Ankara,Sincan,5333,2937
relation_6726365,Ahi Evran Mahallesi,,Ankara,Sincan,4944,2344
relation_6726470,Yunus Emre Mahallesi,,Ankara,Sincan,3119,2617
relation_6726508,Ulubatlı Hasan Mahallesi,,Ankara,Sincan,5329,4326
relation_6726590,Fatih Mahallesi,,Ankara,Sincan,4843,3599
relation_6728445,Gökçek Mahallesi,,Ankara,Sincan,5492,4049
relation_6728446,Gazi Osmanpaşa Mahallesi,,Ankara,Sincan,6674,4922
relation_6728461,Mevlana Mahallesi,,Ankara,Sincan,2296,1429
relation_6728462,Törekent Mahallesi,,Ankara,Sincan,5245,3276
relation_6728843,Mustafa Kemal Mahallesi,,Ankara,Sincan,15038,7681
relation_6728890,Menderes Mahallesi,,Ankara,Sincan,8452,4455
relation_6729026,29 Ekim Mahallesi,,Ankara,Sincan,7968,5245
relation_6729027,Fevzi Çakmak Mahallesi,,Ankara,Sincan,7689,3804
relation_6729173,Çoğlu Mahallesi,,Ankara,Sincan,911,584
relation_6792223,Yeniçimşit Mahallesi,,Ankara,Sincan,457,146
relation_6792224,Saraycık Mahallesi,,Ankara,Sincan,7589,4186
relation_6792299,Osmaniye Mahallesi,,Ankara,Sincan,277,191
relation_6793006,Adalet Mahallesi,,Ankara,Sincan,1473,2911
relation_20058428,Akçaören Mahallesi,,Ankara,Sincan,87,34
relation_20058429,İlyakut Mahallesi,,Ankara,Sincan,130,69
relation_20058430,İncirlik Mahallesi,,Ankara,Sincan,36,16
relation_20058431,Mülk Mahallesi,,Ankara,Sincan,142,31
relation_20058473,Erkeksu Mahallesi,,Ankara,Sincan,46,31
relation_20058474,Yenikayı Mahallesi,,Ankara,Sincan,125,60
relation_20058516,Tatlar Mahallesi,,Ankara,Sincan,95,16
relation_20058517,Polatlar Mahallesi,,Ankara,Sincan,87,32
relation_20058518,Çiçektepe Mahallesi,,Ankara,Sincan,114,21
relation_20058519,Yenipeçenek Mahallesi,,Ankara,Sincan,171,50
relation_20058520,Kesiktaş Mahallesi,,Ankara,Sincan,3,51
relation_20058632,Alagöz Mahallesi,,Ankara,Sincan,72,50
relation_20058634,Alcı Mahallesi,,Ankara,Sincan,502,424
relation_20058635,Türkobası Mahallesi,,Ankara,Sincan,261,138
relation_20058636,Anayurt Mahallesi,,Ankara,Sincan,142,41
relation_20058637,Esenler Mahallesi,,Ankara,Sincan,57,46
relation_20058667,Hisarlıkaya Mahallesi,,Ankara,Sincan,228,66
relation_20058925,Yenihisar Mahallesi,,Ankara,Sincan,97,112
relation_20058926,Ücret Mahallesi,,Ankara,Sincan,177,145
relation_20058927,Çokören Mahallesi,,Ankara,Sincan,169,272
relation_20058928,Beyobası Mahallesi,,Ankara,Sincan,293,176
relation_20058929,Hürriyet Mahallesi,,Ankara,Sincan,723,561
relation_20058930,Malıköy Mahallesi,,Ankara,Sincan,217,283
relation_20058934,İstiklal Mahallesi,,Ankara,Sincan,308,276
relation_20058935,Cumhuriyet Mahallesi,,Ankara,Sincan,608,385
relation_20058936,Gazi Mahallesi,,Ankara,Sincan,402,433
relation_20058937,Bacı Mahallesi,,Ankara,Sincan,97,57
relation_20058938,Girmeç Mahallesi,,Ankara,Sincan,67,38
relation_1809666,Akçaali Mahallesi,,Ankara,Elmadağ,136,44
relation_1809670,Kayadibi Mahallesi,,Ankara,Elmadağ,225,83
relation_1809671,Süleymanlı Mahallesi,,Ankara,Elmadağ,88,45
relation_1809672,Tekke Mahallesi,,Ankara,Elmadağ,73,14
relation_8827101,Hasanoğlan Bahçelievler Mahallesi,,Ankara,Elmadağ,3133,2651
relation_8827102,Hasanoğlan Havuzbaşı Mahallesi,,Ankara,Elmadağ,479,550
relation_8827103,Muzaffer Ekşi Mahallesi,,Ankara,Elmadağ,427,527
relation_8827104,Hasanoğlan Fatih Mahallesi,,Ankara,Elmadağ,383,507
relation_8827105,İstasyon Mahallesi,,Ankara,Elmadağ,171,280
relation_8827106,Şehitlik Mahallesi,,Ankara,Elmadağ,240,242
relation_13757557,Yeşildere Fatih Mahallesi,,Ankara,Elmadağ,510,233
relation_13757558,Seyitcemali Mahallesi,,Ankara,Elmadağ,425,187
relation_16490058,Yenice Mahallesi,,Ankara,Elmadağ,459,705
relation_16490059,İsmetpaşa Mahallesi,,Ankara,Elmadağ,1648,1821
relation_16490060,Gümüşpala Mahallesi,,Ankara,Elmadağ,899,1022
relation_20130226,Kemalpaşa Mahallesi,,Ankara,Elmadağ,1061,1561
relation_20130227,Üçevler Mahallesi,,Ankara,Elmadağ,171,216
relation_20130228,Yenipınar Mahallesi,,Ankara,Elmadağ,463,510
relation_20130229,Yenidoğan Mahallesi,,Ankara,Elmadağ,147,300
relation_20130230,Kurtuluş Mahallesi,,Ankara,Elmadağ,1533,1189
relation_20130231,Ediğe Mahallesi,,Ankara,Elmadağ,39,49
relation_20130232,Karacahasan Mahallesi,,Ankara,Elmadağ,184,46
relation_20132577,Tatlıca Mahallesi,,Ankara,Elmadağ,1415,1455
relation_20132578,Taburlar Mahallesi,,Ankara,Elmadağ,86,24
relation_20132579,Yenimahalle,,Ankara,Elmadağ,211,256
relation_20132581,Aşağıkamışlı Mahallesi,,Ankara,Elmadağ,96,44
relation_20132582,Yukarıkamışlı Mahallesi,,Ankara,Elmadağ,43,8
relation_20132583,Kuşçuali Mahallesi,,Ankara,Elmadağ,105,21
relation_20132584,Deliler Mahallesi,,Ankara,Elmadağ,117,55
relation_3113766,Aydıncık Mahallesi,,Ankara,Altındağ,31,114
relation_3113767,Baraj Mahallesi,,Ankara,Altındağ,7439,4465
relation_3113768,Beşikkaya Mahallesi,,Ankara,Altındağ,15492,7531
relation_3113769,Feridun Çelik Mahallesi,,Ankara,Altındağ,4592,2896
relation_3113771,Karacaören Mahallesi,,Ankara,Altındağ,4524,1374
relation_3113772,Karapürçek Mahallesi,,Ankara,Altındağ,39844,11753
relation_3113773,Kavaklı Mahallesi,,Ankara,Altındağ,488,114
relation_3113774,Peçenek Mahallesi,,Ankara,Altındağ,388,27
relation_3113775,Tatlar Mahallesi,,Ankara,Altındağ,184,34
relation_3114196,Hacettepe Mahallesi,,Ankara,Altındağ,1799,2477
relation_3114197,Hacı Bayram Mahallesi,,Ankara,Altındağ,512,595
relation_3114198,Kale Mahallesi,,Ankara,Altındağ,1383,729
relation_3114202,Zübeyde Hanım Mahallesi,,Ankara,Altındağ,4383,4367
relation_6745855,Örnek Mahallesi,,Ankara,Altındağ,4013,6485
relation_6748455,Başpınar Mahallesi,,Ankara,Altındağ,8772,3833
relation_6748456,Doğantepe Mahallesi,,Ankara,Altındağ,5777,2533
relation_6748492,Solfasol Mahallesi,,Ankara,Altındağ,705,206
relation_6750636,Yıldıztepe Mahallesi,,Ankara,Altındağ,12702,6702
relation_6750668,Güneşevler Mahallesi,,Ankara,Altındağ,14033,10410
relation_6750709,Aydınlıkevler Mahallesi,,Ankara,Altındağ,5452,11679
relation_6750750,Ulubey Mahallesi,,Ankara,Altındağ,2102,872
relation_6750778,Önder Mahallesi,,Ankara,Altındağ,821,281
relation_6750779,Gültepe Mahallesi,,Ankara,Altındağ,6074,6103
relation_6750842,Atıfbey Mahallesi,,Ankara,Altındağ,525,563
relation_13763127,Battalgazi Mahallesi,,Ankara,Altındağ,16296,6092
relation_6521565,Şirintepe Mahallesi,,Ankara,Mamak,830,5582
relation_6521760,Misket Mahallesi,,Ankara,Mamak,5031,2643
relation_6752749,Bostancık Mahallesi,,Ankara,Mamak,1397,945
relation_6752807,Ekin Mahallesi,,Ankara,Mamak,5478,3271
relation_6752808,Başak Mahallesi,,Ankara,Mamak,15386,6240
relation_6752845,Karaağaç Mahallesi,,Ankara,Mamak,2943,1528
relation_6752846,Altıağaç Mahallesi,,Ankara,Mamak,3607,2009
relation_6752847,Bahçeleriçi Mahallesi,,Ankara,Mamak,3296,1966
relation_6753031,Hüseyingazi Mahallesi,,Ankara,Mamak,2310,1372
relation_6753032,Harman Mahallesi,,Ankara,Mamak,3157,2187
relation_6753085,Çiğiltepe Mahallesi,,Ankara,Mamak,651,1051
relation_6753088,Altınevler Mahallesi,,Ankara,Mamak,1791,1749
relation_6753147,Gülveren Mahallesi,,Ankara,Mamak,3815,2142
relation_6753148,Bahçelerüstü Mahallesi,,Ankara,Mamak,4256,3091
relation_6753495,Abidinpaşa Mahallesi,,Ankara,Mamak,3384,4329
relation_6753496,Balkiraz Mahallesi,,Ankara,Mamak,2368,3898
relation_6753530,Hürel Mahallesi,,Ankara,Mamak,3419,2842
relation_6753531,Şafaktepe Mahallesi,,Ankara,Mamak,2749,3750
relation_6753541,Demirlibahçe Mahallesi,,Ankara,Mamak,2287,4410
relation_6753704,Mehtap Mahallesi,,Ankara,Mamak,2172,2366
relation_6753705,Saimekadın Mahallesi,,Ankara,Mamak,2351,3233
relation_6753706,Kartaltepe Mahallesi,,Ankara,Mamak,1700,2830
relation_6755828,Çağlayan Mahallesi,,Ankara,Mamak,1883,3523
relation_6755862,Tuzluçayır Mahallesi,,Ankara,Mamak,1017,8045
relation_6755884,Aşık Veysel Mahallesi,,Ankara,Mamak,3961,5171
relation_6755902,Peyami Safa Mahallesi,,Ankara,Mamak,6890,4929
relation_6755930,General Zeki Doğan Mahallesi,,Ankara,Mamak,6792,14932
relation_6755935,Şahintepe Mahallesi,,Ankara,Mamak,4069,15178
relation_6755950,Mutlu Mahallesi,,Ankara,Mamak,8657,8855
relation_6755987,Kutlu Mahallesi,,Ankara,Mamak,9055,5523
relation_6755988,Kazım Orbay Mahallesi,,Ankara,Mamak,4372,2715
relation_6756066,Türközü Mahallesi,,Ankara,Mamak,5055,3567
relation_6759086,Akdere Mahallesi,,Ankara,Mamak,4109,2713
relation_6767479,Şehit Cengiz Topel Mahallesi,,Ankara,Mamak,783,658
relation_6767480,Fahri Korutürk Mahallesi,,Ankara,Mamak,3013,7973
relation_6767589,Durali Alıç Mahallesi,,Ankara,Mamak,9919,15190
relation_6767590,Boğaziçi Mahallesi,,Ankara,Mamak,2429,1403
relation_6767686,Akşemsettin Mahallesi,,Ankara,Mamak,3619,7332
relation_6767687,Cengizhan Mahallesi,,Ankara,Mamak,4402,13634
relation_6767752,Dutluk Mahallesi,,Ankara,Mamak,415,232
relation_6767753,Derbent Mahallesi,,Ankara,Mamak,1593,958
relation_6767764,Araplar Mahallesi,,Ankara,Mamak,1838,1069
relation_6767825,Dostlar Mahallesi,,Ankara,Mamak,148,375
relation_6767826,Köstence Mahallesi,,Ankara,Mamak,92,62
relation_6767836,Üreğil Mahallesi,,Ankara,Mamak,2713,1965
relation_6767865,Tepecik Mahallesi,,Ankara,Mamak,175,248
relation_6767866,Kayaş Mahallesi,,Ankara,Mamak,2672,1685
relation_6768082,Şahap Gürler Mahallesi,,Ankara,Mamak,4568,1574
relation_6768083,Yeşilbayır Mahallesi,,Ankara,Mamak,13293,3958
relation_6768248,Küçük Kayaş Mahallesi,,Ankara,Mamak,9235,2579
relation_6792771,Ege Mahallesi,,Ankara,Mamak,1709,7840
relation_6792836,Kızılca Mahallesi,,Ankara,Mamak,367,174
relation_13436475,Kusunlar Mahallesi,,Ankara,Mamak,258,65
relation_13436476,Zirvekent Mahallesi,,Ankara,Mamak,2423,1821
relation_13438735,Kıbrısköy Mahallesi,,Ankara,Mamak,4356,1447
relation_13441406,Lalahan Mahallesi,,Ankara,Mamak,1009,783
relation_13513085,Bayındır Mahallesi,,Ankara,Mamak,228,47
relation_13513086,Ortaköy Mahallesi,,Ankara,Mamak,394,125
relation_13513087,Kutludüğün Mahallesi,,Ankara,Mamak,2218,880
relation_13513088,Yeni Bayındır Mahallesi,,Ankara,Mamak,6934,2033
relation_13513089,Gökçeyurt Mahallesi,,Ankara,Mamak,521,189
relation_13513090,Karşıyaka Mahallesi,,Ankara,Mamak,1134,524
relation_13513162,Yukarı İmrohor Mahallesi,,Ankara,Mamak,79,66
relation_13513210,Diriliş Mahallesi,,Ankara,Mamak,3472,2780
relation_5525500,Gümüşdere Mahallesi,,Ankara,Keçiören,705,762
relation_5525645,Kavacık Subayevleri Mahallesi,,Ankara,Keçiören,4423,7157
relation_5525677,Hasköy Mahallesi,,Ankara,Keçiören,1749,1210
relation_5525679,Şefkat Mahallesi,,Ankara,Keçiören,5511,4711
relation_5525754,Kalaba Mahallesi,,Ankara,Keçiören,3520,3877
relation_5525799,Güçlükaya Mahallesi,,Ankara,Keçiören,6257,5885
relation_5525820,Bağlarbaşı Mahallesi,,Ankara,Keçiören,12032,9229
relation_5525821,Yakacık Mahallesi,,Ankara,Keçiören,4190,4634
relation_5525831,Tepebaşı Mahallesi,,Ankara,Keçiören,6988,7463
relation_5525888,Çiçekli Mahallesi,,Ankara,Keçiören,3189,4100
relation_5525921,Karargahtepe Mahallesi,,Ankara,Keçiören,3918,4444
relation_5525940,Basınevleri Mahallesi,,Ankara,Keçiören,4835,6088
relation_5525974,Emrah Mahallesi,,Ankara,Keçiören,2401,4076
relation_5526123,Aşağı Eğlence Mahallesi,,Ankara,Keçiören,6983,9828
relation_5526130,İncirli Mahallesi,,Ankara,Keçiören,7168,14454
relation_5526161,19 Mayıs Mahallesi,,Ankara,Keçiören,7011,10669
relation_5526587,Kuşcağız Mahallesi,,Ankara,Keçiören,16303,12611
relation_5526951,Pınarbaşı Mahallesi,,Ankara,Keçiören,10565,9028
relation_5527199,Şenlik Mahallesi,,Ankara,Keçiören,7634,8158
relation_5527457,Atapark Mahallesi,,Ankara,Keçiören,19699,12395
relation_5527717,Ufuktepe Mahallesi,,Ankara,Keçiören,6993,3843
relation_5527723,Osmangazi Mahallesi,,Ankara,Keçiören,9771,4025
relation_5527733,Kamil Ocak Mahallesi,,Ankara,Keçiören,5642,3605
relation_5527798,Çaldıran Mahallesi,,Ankara,Keçiören,5765,3561
relation_5527866,Yeşiltepe Mahallesi,,Ankara,Keçiören,5766,3329
relation_5527904,Yeşilöz Mahallesi,,Ankara,Keçiören,908,319
relation_5527921,Aktepe Mahallesi,,Ankara,Keçiören,3923,2831
relation_5536418,Adnan Menderes Mahallesi,,Ankara,Keçiören,4876,4626
relation_5536424,Güzelyurt Mahallesi,,Ankara,Keçiören,1557,1174
relation_5536438,Şenyuva Mahallesi,,Ankara,Keçiören,3055,1939
relation_5536530,23 Nisan Mahallesi,,Ankara,Keçiören,3584,1968
relation_5536545,Köşk Mahallesi,,Ankara,Keçiören,4031,2688
relation_5536616,Uyanış Mahallesi,,Ankara,Keçiören,6858,4646
relation_5536650,Bademlik Mahallesi,,Ankara,Keçiören,10306,4559
relation_5536676,Kanuni Mahallesi,,Ankara,Keçiören,12743,6028
relation_5536806,Karşıyaka Mahallesi,,Ankara,Keçiören,3220,1483
relation_5536815,Karakaya Mahallesi,,Ankara,Keçiören,8189,3816
relation_5536830,Kafkas Mahallesi,,Ankara,Keçiören,5438,2580
relation_5536841,Hisar Mahallesi,,Ankara,Keçiören,4971,2242
relation_5536912,Ovacık Mahallesi,,Ankara,Keçiören,1770,1741
relation_5536946,Yükseltepe Mahallesi,,Ankara,Keçiören,10423,6206
relation_5536970,Esertepe Mahallesi,,Ankara,Keçiören,12017,10341
relation_5537036,Etlik Mahallesi,,Ankara,Keçiören,10897,10785
relation_5537040,Ayvalı Mahallesi,,Ankara,Keçiören,14505,11481
relation_5537126,Yayla Mahallesi,,Ankara,Keçiören,17526,11574
relation_5537167,Sancaktepe Mahallesi,,Ankara,Keçiören,7882,4855
relation_5537178,Şehit Kubilay Mahallesi,,Ankara,Keçiören,14060,6684
relation_5537300,Kösrelik Mahallesi,,Ankara,Keçiören,146,13
relation_5537364,Sarıbeyler Mahallesi,,Ankara,Keçiören,61,16
relation_5537367,Çalseki Mahallesi,,Ankara,Keçiören,42,6
relation_5537405,Bağlum Güzelyurt Mahallesi,,Ankara,Keçiören,139,18
relation_3680866,Beştepe Mahallesi,,Ankara,Yenimahalle,1749,3523
relation_3680867,Ata Mahallesi,,Ankara,Yenimahalle,6947,11951
relation_5540962,Emniyet Mahallesi,,Ankara,Yenimahalle,1015,2537
relation_5541250,Gazi Mahallesi,,Ankara,Yenimahalle,1075,2962
relation_5541275,Macun Mahallesi,,Ankara,Yenimahalle,851,734
relation_5546023,25 Mart Mahallesi,,Ankara,Yenimahalle,1330,3126
relation_5546025,Çamlıca Mahallesi,,Ankara,Yenimahalle,2205,2383
relation_5546215,Gayret Mahallesi,,Ankara,Yenimahalle,2126,4466
relation_5546301,Demetgül Mahallesi,,Ankara,Yenimahalle,6197,7884
relation_5554811,Varlık Mahallesi,,Ankara,Yenimahalle,1297,2424
relation_5554853,Işınlar Mahallesi,,Ankara,Yenimahalle,1919,4444
relation_5554884,Demetlale Mahallesi,,Ankara,Yenimahalle,4713,5040
relation_5554887,Barış Mahallesi,,Ankara,Yenimahalle,556,1434
relation_5596459,Ragıp Tüzün Mahallesi,,Ankara,Yenimahalle,775,1748
relation_5596477,Yeniçağ Mahallesi,,Ankara,Yenimahalle,843,2179
relation_5596484,Yunus Emre Mahallesi,,Ankara,Yenimahalle,2104,4117
relation_5596514,Çarşı Mahallesi,,Ankara,Yenimahalle,915,1934
relation_5596556,Tepealtı Mahallesi,,Ankara,Yenimahalle,1213,2708
relation_5596580,Esentepe Mahallesi,,Ankara,Yenimahalle,1737,3569
relation_5596689,Ergenekon Mahallesi,,Ankara,Yenimahalle,4734,5064
relation_5608962,Anadolu Mahallesi,,Ankara,Yenimahalle,2089,1409
relation_5608971,Karşıyaka Mahallesi,,Ankara,Yenimahalle,3649,2625
relation_5608995,Demetevler Mahallesi,,Ankara,Yenimahalle,9783,8318
relation_5609003,Mehmet Akif Ersoy Mahallesi,,Ankara,Yenimahalle,4924,7063
relation_5609011,Özevler Mahallesi,,Ankara,Yenimahalle,4824,2731
relation_5609015,Yeşilevler Mahallesi,,Ankara,Yenimahalle,6486,4112
relation_5609028,Güzelyaka Mahallesi,,Ankara,Yenimahalle,3022,1955
relation_5609034,Pamuklar Mahallesi,,Ankara,Yenimahalle,6782,5102
relation_5609052,Güventepe Mahallesi,,Ankara,Yenimahalle,4675,3112
relation_5609054,Burç Mahallesi,,Ankara,Yenimahalle,4579,1816
relation_5609065,Barıştepe Mahallesi,,Ankara,Yenimahalle,5226,2642
relation_5609083,Kayalar Mahallesi,,Ankara,Yenimahalle,3720,2180
relation_5611743,Çiğdemtepe Mahallesi,,Ankara,Yenimahalle,7592,3386
relation_5623458,Aşağı Yahyalar Mahallesi,,Ankara,Yenimahalle,3101,2002
relation_5623480,Yukarı Yahyalar Mahallesi,,Ankara,Yenimahalle,1870,905
relation_5623513,Kaletepe Mahallesi,,Ankara,Yenimahalle,4197,2556
relation_5623518,Avcılar Mahallesi,,Ankara,Yenimahalle,4075,2091
relation_5623621,İvedikköy Mahallesi,,Ankara,Yenimahalle,270,178
relation_5623684,Serhat Mahallesi,,Ankara,Yenimahalle,8856,6801
relation_5623780,Uğur Mumcu Mahallesi,,Ankara,Yenimahalle,3727,10534
relation_5623804,İlkyerleşim Mahallesi,,Ankara,Yenimahalle,3373,10432
relation_5623959,Yuvaköy Mahallesi,,Ankara,Yenimahalle,1171,859
relation_5623969,Yakacık Mahallesi,,Ankara,Yenimahalle,3736,1906
relation_5623991,Kuzey Yıldızı Mahallesi,,Ankara,Yenimahalle,3552,1629
relation_5624447,Memlik Mahallesi,,Ankara,Yenimahalle,509,162
relation_5635764,Turgut Özal Mahallesi,,Ankara,Yenimahalle,12604,25776
relation_5635799,Kardelen Mahallesi,,Ankara,Yenimahalle,6838,19898
relation_5635841,İnönü Mahallesi,,Ankara,Yenimahalle,3109,9365
relation_5635858,Kentkoop Mahallesi,,Ankara,Yenimahalle,5109,16328
relation_6747493,Ergazi Mahallesi,,Ankara,Yenimahalle,3681,8901
relation_6747494,Batı Sitesi Mahallesi,,Ankara,Yenimahalle,2595,6552
relation_6747495,Yeni Batı Mahallesi,,Ankara,Yenimahalle,7007,18658
relation_6789619,Karacakaya Mahallesi,,Ankara,Yenimahalle,680,939
relation_13761238,Ostim Mahallesi,,Ankara,Yenimahalle,1883,1755
relation_13761239,Susuz Mahallesi,,Ankara,Yenimahalle,1784,2236
relation_1268825,Sasalı Merkez Mahallesi,,İzmir,,817,1787
relation_5614754,Ataşehir Mahallesi,,İzmir,,4130,15913
relation_9535041,Siteler Mahallesi,,İzmir,,2892,5483
relation_9535042,Atatürk Mahallesi,,İzmir,,2051,3663
relation_9535120,Kazım Dirik Mahallesi,,İzmir,,1855,3706
relation_9535377,Kurtuluş Mahallesi,,İzmir,,1928,3743
relation_9535378,Yeni Mahalle,,İzmir,,2277,6327
relation_9535379,Kültür Mahallesi,,İzmir,,1672,3989
relation_9535407,Samurlu Mahallesi,,İzmir,,121,187
relation_9535688,Yalı Mahallesi,,İzmir,,567,1824
relation_9535689,Güzelhisar Mahallesi,,İzmir,,137,323
relation_9627388,Yeni Mahalle Mahallesi,,İzmir,,2277,6327
relation_9846127,Çınar Mahallesi,,İzmir,,67,44
relation_10055652,Köyiçi Mahallesi,,İzmir,,1097,1694
relation_10149904,Alpaslan Mahallesi,,İzmir,,2839,2724
relation_10149905,Çiçek Mahallesi,,İzmir,,2762,3953
relation_10149906,Fuat Edip Baksı Mahallesi,,İzmir,,2863,5053
relation_10149907,Çay Mahallesi,,İzmir,,2328,3113
relation_10149908,Tepekule Mahallesi,,İzmir,,3694,6694
relation_10149909,Osmangazi Mahallesi,,İzmir,,5915,11792
relation_10149910,Bayraklı Mahallesi,,İzmir,,1425,3168
relation_10149911,Mansuroğlu Mahallesi,,İzmir,,2812,11949
relation_10149912,Manavkuyu Mahallesi,,İzmir,,3900,14844
relation_10149913,Adalet Mahallesi,,İzmir,,4996,7870
relation_10150955,Muhittin Erener Mahallesi,,İzmir,,2786,2770
relation_10150956,Cengizhan Mahallesi,,İzmir,,5158,3445
relation_10150965,R.Şevket İnce Mahallesi,,İzmir,,4344,4013
relation_10151025,Körfez Mahallesi,,İzmir,,581,3409
relation_10151026,Onur Mahallesi,,İzmir,,2686,9250
relation_10151027,Turan Mahallesi,,İzmir,,56,256
relation_10151028,Org.Nafiz Gürman Mahallesi,,İzmir,,4226,4718
relation_10151029,Yamanlar Mahallesi,,İzmir,,4308,7765
relation_10151030,Doğançay Mahallesi,,İzmir,,343,1248
relation_10151031,75. Yıl Mahallesi,,İzmir,,722,1610
relation_10151046,Postacılar Mahallesi,,İzmir,,2661,5876
relation_10151047,Soğukkuyu Mahallesi,,İzmir,,1880,6513
relation_10151048,Emek Mahallesi,,İzmir,,3682,4856
relation_10151049,Gümüşpala Mahallesi,,İzmir,,5131,5426
relation_10153435,Celal Bayar Mahallesi,,İzmir,,66,452
relation_10153442,Ilıca Mahallesi,,İzmir,,152,665
relation_10153473,Ardıç Mahallesi,,İzmir,,88,309
relation_10153479,Şifne Mahallesi,,İzmir,,154,558
relation_10153504,Reisdere Mahallesi,,İzmir,,1306,1901
relation_10153558,Yalı Mahallesi,,İzmir,,567,1824
relation_10153664,Mavişehir Mahallesi,,İzmir,,863,9178
relation_10153680,Yalı Mahallesi,,İzmir,,567,1824
relation_10153696,Atakent Mahallesi,,İzmir,,434,4590
relation_10153818,Çakabey Mahallesi,,İzmir,,36,111
relation_10153911,Ovacık Mahallesi,,İzmir,,91,158
relation_10153953,Musalla Mahallesi,,İzmir,,896,2711
relation_10153969,Altınkum Mahallesi,,İzmir,,27,75
relation_10153981,Çiftlik Mahallesi,,İzmir,,313,1204
relation_10153990,Şehit Mehmet Mahallesi,,İzmir,,54,201
relation_10154006,Altınyunus Mahallesi,,İzmir,,35,245
relation_10154011,Boyalık Mahallesi,,İzmir,,56,248
relation_10154143,Fahrettinpaşa Mahallesi,,İzmir,,72,246
relation_10154144,İsmet İnönü Mahallesi,,İzmir,,923,2676
relation_10154148,Sakarya Mahallesi,,İzmir,,150,616
relation_10154159,Dalyan Mahallesi,,İzmir,,435,1191
relation_10154184,Üniversite Mahallesi,,İzmir,,77,322
relation_10154185,Cumhuriyet Mahallesi,,İzmir,,214,301
relation_10154209,16 Eylül Mahallesi,,İzmir,,685,1786
relation_10165784,Kazımdirik Mahallesi,,İzmir,,3581,19410
relation_10165785,Barbaros Mahallesi,,İzmir,,164,191
relation_10165786,Yıldırım Beyazıt Mahallesi,,İzmir,,1345,2983
relation_10165808,Tuna Mahallesi,,İzmir,,1716,3561
relation_10165809,Gazi Osman Paşa Mahallesi,,İzmir,,2849,6603
relation_10165810,Rafet Paşa Mahallesi,,İzmir,,4286,8286
relation_10166168,Goncalar Mahallesi,,İzmir,,1080,5907
relation_10166169,Nergiz Mahallesi,,İzmir,,1074,5041
relation_10166170,Bahriye Üçok Mahallesi,,İzmir,,931,847
relation_10166171,Bahçelievler Mahallesi,,İzmir,,1130,2610
relation_10166172,Bahariye Mahallesi,,İzmir,,1250,7646
relation_10166173,Tersane Mahallesi,,İzmir,,672,4071
relation_10166174,Alaybey Mahallesi,,İzmir,,772,4447
relation_10166175,Tuna Mahallesi,,İzmir,,1716,3561
relation_10166176,Donanmacı Mahallesi,,İzmir,,863,6424
relation_10166177,Aksoy Mahallesi,,İzmir,,800,7831
relation_10166178,Bostanlı Mahallesi,,İzmir,,2007,21490
relation_10166182,Şemikler Mahallesi,,İzmir,,4284,16871
relation_10166183,Fikri Altay Mahallesi,,İzmir,,1066,4783
relation_10166184,Demirköprü Mahallesi,,İzmir,,738,4409
relation_10166185,Dedebaşı Mahallesi,,İzmir,,2544,12425
relation_10166284,Kaklıç Mahallesi,,İzmir,,324,713
relation_10166288,Küçük Çiğli Mahallesi,,İzmir,,4587,9971
relation_10186163,Süzbeyli Mahallesi,,İzmir,,5,27
relation_10186171,75.Yıl Cumhuriyet Mahallesi,,İzmir,,115,255
relation_10186178,Esentepe Mahallesi,,İzmir,,955,2991
relation_10192312,Uğur Mumcu Mahallesi,,İzmir,,882,3007
relation_10192313,Evka-5 Mahallesi,,İzmir,,3116,6034
relation_10192314,Ahmet Efendi Mahallesi,,İzmir,,257,828
relation_10192315,Balatçık Mahallesi,,İzmir,,3176,6624
relation_10220109,Egekent Mahallesi,,İzmir,,1557,4521
relation_10220110,Çağdaş Mahallesi,,İzmir,,519,1256
relation_10220173,Güzeltepe Mahallesi,,İzmir,,1077,3470
relation_10220174,Şirintepe Mahallesi,,İzmir,,1527,4432
relation_10222876,Cumhuriyet Mahallesi,,İzmir,,214,301
relation_10222877,Harmandalı Gazi Mustafa Kemal Atatürk Mahallesi,,İzmir,,664,1085
relation_10222878,İnönü Mahallesi,,İzmir,,5614,12388
relation_10222879,Atatürk Mahallesi,,İzmir,,2051,3663
relation_10222880,İzkent Mahallesi,,İzmir,,1072,2522
relation_10222881,Yakakent Mahallesi,,İzmir,,1744,5313
relation_10222882,Evka-6 Mahallesi,,İzmir,,378,1291
relation_10222883,Evka-2 Mahallesi,,İzmir,,719,2405
relation_10222884,Ahmet Taner Kışlalı Mahallesi,,İzmir,,921,4082
relation_10222885,Aydınlıkevler Mahallesi,,İzmir,,569,2069
relation_10222886,Maltepe Mahallesi,,İzmir,,2807,4574
relation_10268459,Yenişehir Mahallesi,,İzmir,,147,137
relation_10268460,Cengiz Topel Mahallesi,,İzmir,,617,904
relation_10268461,Mersinli Mahallesi,,İzmir,,480,1075
relation_10268462,Umurbey Mahallesi,,İzmir,,62,127
relation_10268463,Halkapınar Mahallesi,,İzmir,,127,271
relation_10268464,Çınarlı Mahallesi,,İzmir,,45,171
relation_10322924,Mevlana Mahallesi,,İzmir,,6561,8806
relation_10322930,Doğanlar Mahallesi,,İzmir,,6996,6391
relation_10323004,Ümit Mahallesi,,İzmir,,1068,1621
relation_10323348,Erzene Mahallesi,,İzmir,,3533,16654
relation_10323355,Evka 3 Mahallesi,,İzmir,,3062,11336
relation_10323396,Atatürk Mahallesi,,İzmir,,2051,3663
relation_10323425,İnönü Mahallesi,,İzmir,,5614,12388
relation_10323444,Evka 4 Mahallesi,,İzmir,,2857,7628
relation_10323518,Kızılay Mahallesi,,İzmir,,3859,7205
relation_10323582,Yalı Mahallesi,,İzmir,,567,1824
relation_10323666,Birlik Mahallesi,,İzmir,,1634,3005
relation_10323692,Çamkule Mahallesi,,İzmir,,2100,1631
relation_10324858,Yeşilova Mahallesi,,İzmir,,195,303
relation_10324927,Kemalpaşa Mahallesi,,İzmir,,3040,3989
relation_10325003,Ergene Mahallesi,,İzmir,,1713,6547
relation_10325030,Merkez Mahallesi,,İzmir,,1613,2387
relation_10325041,Meriç Mahallesi,,İzmir,,2231,3580
relation_10325044,Serintepe Mahallesi,,İzmir,,2140,2396
relation_10325062,Zafer Mahallesi,,İzmir,,964,1803
relation_10325126,Koşukavak Mahallesi,,İzmir,,1830,3638
relation_10325170,Karacaoğlan Mahallesi,,İzmir,,2271,3200
relation_10325187,Yunus Emre Mahallesi,,İzmir,,931,685
relation_10325217,Egemenlik Mahallesi,,İzmir,,613,928
relation_10326373,Laka Mahallesi,,İzmir,,177,150
relation_10326400,Çiçekli Mahallesi,,İzmir,,78,202
relation_10326410,Eğridere Mahallesi,,İzmir,,147,258
relation_10326422,Çamiçi Mahallesi,,İzmir,,85,120
relation_10326423,Beşyol Mahallesi,,İzmir,,146,104
relation_10326424,Gökdere Mahallesi,,İzmir,,44,275
relation_10326438,Karaçam Mahallesi,,İzmir,,227,252
relation_10326439,Kayadibi Mahallesi,,İzmir,,88,81
relation_10326447,Kurudere Mahallesi,,İzmir,,123,217
relation_10326472,Sarnıçköy Mahallesi,,İzmir,,41,34
relation_10340018,Denizköy Mahallesi,,İzmir,,117,167
relation_10340521,Mimar Sinan Mahallesi,,İzmir,,299,570
relation_10340522,Alsancak Mahallesi,,İzmir,,483,3401
relation_10340523,Murat Mahallesi,,İzmir,,1404,1868
relation_10340524,Trakya Mahallesi,,İzmir,,374,721
relation_10340525,Huzur Mahallesi,,İzmir,,599,912
relation_10340526,Boğaziçi Mahallesi,,İzmir,,696,1407
relation_10340527,Emir Sultan Mahallesi,,İzmir,,410,392
relation_10340528,Güney Mahallesi,,İzmir,,1106,928
relation_10340578,Küçükada Mahallesi,,İzmir,,483,652
relation_10340579,Zeytinlik Mahallesi,,İzmir,,2147,2439
relation_10340580,Yenidoğan Mahallesi,,İzmir,,499,663
relation_10340581,Hilal Mahallesi,,İzmir,,973,307
relation_10340582,Ege Mahallesi,,İzmir,,535,516
relation_10340583,Kahramanlar Mahallesi,,İzmir,,563,2306
relation_10340735,Ferahlı Mahallesi,,İzmir,,2143,2497
relation_10340736,Levent Mahallesi,,İzmir,,916,1704
relation_10340741,26 Ağustos Mahallesi,,İzmir,,591,1099
relation_10340764,Ulubatlı Mahallesi,,İzmir,,2602,2747
relation_10340765,Mehmet Akif Mahallesi,,İzmir,,899,973
relation_10340766,Saygı Mahallesi,,İzmir,,1267,1685
relation_10340767,Çınartepe Mahallesi,,İzmir,,720,2924
relation_10340768,Atamer Mahallesi,,İzmir,,537,1684
relation_10340769,Millet Mahallesi,,İzmir,,1235,2075
relation_10340770,Anadolu Mahallesi,,İzmir,,360,898
relation_10340771,Zeybek Mahallesi,,İzmir,,485,727
relation_10340772,Yavuz Selim Mahallesi,,İzmir,,380,691
relation_10340782,İsmet Kaptan Mahallesi,,İzmir,,59,199
relation_10340783,Akdeniz Mahallesi,,İzmir,,39,136
relation_10340784,Kültür Mahallesi,,İzmir,,1672,3989
relation_10340785,İsmet Paşa Mahallesi,,İzmir,,1055,1702
relation_10340820,Akarcalı Mahallesi,,İzmir,,1155,794
relation_10340821,Kocakapı Mahallesi,,İzmir,,891,599
relation_10340822,Oğuzlar Mahallesi,,İzmir,,33,45
relation_10340823,Etiler Mahallesi,,İzmir,,483,275
relation_10340880,Yeşildere Mahallesi,,İzmir,,210,38
relation_10340881,Lale Mahallesi,,İzmir,,1373,1220
relation_10340882,Mehtap Mahallesi,,İzmir,,953,1232
relation_10340886,Ballıkuyu Mahallesi,,İzmir,,831,1062
relation_10340915,Akıncı Mahallesi,,İzmir,,88,111
relation_10340916,Hurşidiye Mahallesi,,İzmir,,20,27
relation_10340917,Kestelli Mahallesi,,İzmir,,17,28
relation_10340918,Güneş Mahallesi,,İzmir,,14,34
relation_10340919,Güzelyurt Mahallesi,,İzmir,,9,10
relation_10340920,Yenigün Mahallesi,,İzmir,,4990,9207
relation_10340921,Konak Mahallesi,,İzmir,,18,38
relation_10340927,Mirali Mahallesi,,İzmir,,265,172
relation_10340928,Faik Paşa Mahallesi,,İzmir,,400,219
relation_10340929,Altınordu Mahallesi,,İzmir,,268,159
relation_10340930,Pazaryeri Mahallesi,,İzmir,,439,218
relation_10340931,Kurtuluş Mahallesi,,İzmir,,1928,3743
relation_10340936,Sakarya Mahallesi,,İzmir,,150,616
relation_10340938,Vezirağa Mahallesi,,İzmir,,43,44
relation_10340939,Kosova Mahallesi,,İzmir,,298,745
relation_10340940,Kadifekale Mahallesi,,İzmir,,651,1003
relation_10340941,Kubilay Mahallesi,,İzmir,,669,566
relation_10344955,Altay Mahallesi,,İzmir,,117,225
relation_10344956,Süvari Mahallesi,,İzmir,,404,500
relation_10344957,Ali Reis Mahallesi,,İzmir,,373,415
relation_10344958,Yeni Mahallesi,,İzmir,,5986,9203
relation_10344959,Uğur Mahallesi,,İzmir,,10,33
relation_10344960,Fevzi Paşa Mahallesi,,İzmir,,12,34
relation_10344961,Yeşiltepe Mahallesi,,İzmir,,113,77
relation_10345100,Odunkapı Mahallesi,,İzmir,,38,82
relation_10345101,Sümer Mahallesi,,İzmir,,16,59
relation_10345102,Yıldız Mahallesi,,İzmir,,5852,9587
relation_10345103,Fatih Mahallesi,,İzmir,,581,838
relation_10345104,Çahabey Mahallesi,,İzmir,,108,213
relation_10345105,Mecidiye Mahallesi,,İzmir,,76,230
relation_10345106,Güngör Mahallesi,,İzmir,,193,550
relation_10345107,Atilla Mahallesi,,İzmir,,2200,5551
relation_10345108,Altıntaş Mahallesi,,İzmir,,842,2963
relation_10345109,Barbaros Mahallesi,,İzmir,,164,191
relation_10345950,Tuzcu Mahallesi,,İzmir,,403,561
relation_10345951,Türkyılmaz Mahallesi,,İzmir,,63,116
relation_10345952,Kahraman Mescit Mahallesi,,İzmir,,35,50
relation_10345953,Tan Mahallesi,,İzmir,,21,20
relation_10345954,Ülkü Mahallesi,,İzmir,,271,411
relation_10347758,Aziziye Mahallesi,,İzmir,,87,163
relation_10347759,Dolaplıkuyu Mahallesi,,İzmir,,211,303
relation_10347760,Dayıemir Mahallesi,,İzmir,,146,243
relation_10347761,Tınaztepe Mahallesi,,İzmir,,405,723
relation_10347762,Selçuk Mahallesi,,İzmir,,475,660
relation_10347763,Şehit Nedim Tuğaltay Mahallesi,,İzmir,,38,64
relation_10347764,Bozkurt Mahallesi,,İzmir,,39,61
relation_10347765,Namık Kemal Mahallesi,,İzmir,,93,124
relation_10347859,Kocatepe Mahallesi,,İzmir,,439,887
relation_10347860,Zafertepe Mahallesi,,İzmir,,2597,5412
relation_10347861,Güneşli Mahallesi,,İzmir,,88,98
relation_10348639,19 Mayıs Mahallesi,,İzmir,,616,1085
relation_10348640,Hasan Özdemir Mahallesi,,İzmir,,398,1275
relation_10348641,2.Kadriye Mahallesi,,İzmir,,1607,2167
relation_10348642,1.Kadriye Mahallesi,,İzmir,,892,3143
relation_10348643,Duatepe Mahallesi,,İzmir,,494,980
relation_10348644,Çimentepe Mahallesi,,İzmir,,572,1349
relation_10348679,Mehmet Ali Akman Mahallesi,,İzmir,,538,4406
relation_10348680,Güzelyalı Mahallesi,,İzmir,,1610,11274
relation_10348681,Göztepe Mahallesi,,İzmir,,1345,10447
relation_10348682,Çankaya Mahallesi,,İzmir,,1001,6602
relation_10348683,Mithatpaşa Mahallesi,,İzmir,,176,299
relation_10348684,Murat Reis Mahallesi,,İzmir,,1417,7060
relation_10348685,Piri Reis Mahallesi,,İzmir,,550,2876
relation_10348686,Kemal Reis Mahallesi,,İzmir,,506,1924
relation_10348687,Akın Simav Mahallesi,,İzmir,,476,2336
relation_10348688,Kılıç Reis Mahallesi,,İzmir,,1033,3923
relation_10348689,Turgut Reis Mahallesi,,İzmir,,364,1687
relation_10351865,Üçkuyular Mahallesi,,İzmir,,985,5981
relation_10351866,Fahrettin Altay Mahallesi,,İzmir,,1064,6003
relation_10353642,Örnekköy Mahallesi,,İzmir,,4608,11798
relation_10353643,İnönü Mahallesi,,İzmir,,5614,12388
relation_10353644,İmbatlı Mahallesi,,İzmir,,1344,4293
relation_10353645,Cumhuriyet Mahallesi,,İzmir,,214,301
relation_10356367,Gürpınar Mahallesi,,İzmir,,3435,3983
relation_10356368,Yeşilçam Mahallesi,,İzmir,,1254,1090
relation_10357363,Kavaklıdere Mahallesi,,İzmir,,1148,788
relation_10357600,Naldöken Mahallesi,,İzmir,,2272,4054
relation_10357613,Yakaköy Mahallesi,,İzmir,,360,647
relation_10357702,Siteler Mahallesi,,İzmir,,2892,5483
relation_10357703,Maltepe Mahallesi,,İzmir,,2807,4574
relation_10359320,Teleferik Mahallesi,,İzmir,,1516,4904
relation_10359321,Fevzi Çakmak Mahallesi,,İzmir,,1753,6075
relation_10359322,Çetin Emeç Mahallesi,,İzmir,,1898,6175
relation_10359323,Eğitim Mahallesi,,İzmir,,2480,7605
relation_10359324,Onur Mahallesi,,İzmir,,2686,9250
relation_10359325,Korutürk Mahallesi,,İzmir,,1372,7260
relation_10359326,İnciraltı Mahallesi,,İzmir,,152,440
relation_10359327,Bahçelerarası Mahallesi,,İzmir,,168,255
relation_10364077,Yamanlar Mahallesi,,İzmir,,4308,7765
relation_10364078,Sancaklı Mahallesi,,İzmir,,77,55
relation_10364079,Latife Hanım Mahallesi,,İzmir,,614,855
relation_10364080,Zübeyde Hanım Mahallesi,,İzmir,,3630,8001
relation_10364081,Mustafa Kemal Mahallesi,,İzmir,,6275,5818
relation_10364200,Huzur Mahallesi,,İzmir,,599,912
relation_10364201,Limanreis Mahallesi,,İzmir,,385,1678
relation_10364202,Çatalkaya Mahallesi,,İzmir,,565,4348
relation_10364203,Narlı Mahallesi,,İzmir,,635,5044
relation_10364204,2. İnönü Mahallesi,,İzmir,,1010,5175
relation_10364205,Atatürk Mahallesi,,İzmir,,2051,3663
relation_10364206,Çamtepe Mahallesi,,İzmir,,623,3927
relation_10364207,Yenikale Mahallesi,,İzmir,,499,3558
relation_10364208,Ilıca Mahallesi,,İzmir,,152,665
relation_10364209,Altıevler Mahallesi,,İzmir,,280,1200
relation_10364210,Sahilevleri Mahallesi,,İzmir,,196,1121
relation_10395414,Esentepe Mahallesi,,İzmir,,955,2991
relation_10521603,Çelebi Mahallesi,,İzmir,,359,1433
relation_10521604,Yaka Mahallesi,,İzmir,,51,363
relation_10521605,Atatürk Mahallesi,,İzmir,,2051,3663
relation_10521606,Kahramandere Mahallesi,,İzmir,,381,3286
relation_10521836,Hürriyet Mahallesi,,İzmir,,2867,7231
relation_10521837,Çaldıran Mahallesi,,İzmir,,1285,1158
relation_10521838,Güven Mahallesi,,İzmir,,1155,3588
relation_10521839,Laleli Mahallesi,,İzmir,,1460,3402
relation_10521840,Çamlık Mahallesi,,İzmir,,160,117
relation_10521841,Yiğitler Mahallesi,,İzmir,,2617,7389
relation_10521842,Dicle Mahallesi,,İzmir,,1705,2464
relation_10521852,Barış Mahallesi,,İzmir,,2534,6842
relation_10521853,Ufuk Mahallesi,,İzmir,,4447,6541
relation_10521867,Yaylacık Mahallesi,,İzmir,,3778,7913
relation_10521868,Menderes Mahallesi,,İzmir,,53,38
relation_10521877,Şirinkapı Mahallesi,,İzmir,,951,1808
relation_10521878,Aydoğdu Mahallesi,,İzmir,,2002,4123
relation_10521886,Adatepe Mahallesi,,İzmir,,3145,8481
relation_10521966,Murathan Mahallesi,,İzmir,,784,1910
relation_10521967,İzkent Mahallesi,,İzmir,,1072,2522
relation_10521968,Çağdaş Mahallesi,,İzmir,,519,1256
relation_10521969,Cumhuriyet Mahallesi,,İzmir,,214,301
relation_10521970,Karanfil Mahallesi,,İzmir,,917,1851
relation_10521971,Gaziler Mahallesi,,İzmir,,31,8
relation_10523791,İnkılap Mahallesi,,İzmir,,436,536
relation_10547501,Dumlupınar Mahallesi,,İzmir,,639,2058
relation_10547502,Vali Rahmi Bey Mahallesi,,İzmir,,1241,4699
relation_10547503,Efeler Mahallesi,,İzmir,,3457,10331
relation_10547504,Akıncılar Mahallesi,,İzmir,,2523,5392
relation_10547505,Fırat Mahallesi,,İzmir,,5449,7838
relation_10553872,Seyhan Mahallesi,,İzmir,,724,1035
relation_10553873,Kozağaç Mahallesi,,İzmir,,4477,9846
relation_10553874,Atatürk Mahallesi,,İzmir,,2051,3663
relation_10553875,Kuruçeşme Mahallesi,,İzmir,,2346,7696
relation_10553876,Zafer Mahallesi,,İzmir,,964,1803
relation_10553925,Yenigün Mahallesi,,İzmir,,4990,9207
relation_10553926,Göksu Mahallesi,,İzmir,,9041,8440
relation_10562903,Yıldız Mahallesi,,İzmir,,5852,9587
relation_10562904,Buca Koop Mahallesi,,İzmir,,3469,9559
relation_10562905,Çamlıkule Mahallesi,,İzmir,,5251,8450
relation_10562906,Çamlıpınar Mahallesi,,İzmir,,2569,4703
relation_10562907,Mustafa Kemal Mahallesi,,İzmir,,6275,5818
relation_10562908,İnönü Mahallesi,,İzmir,,5614,12388
relation_10562909,Yeşilbağlar Mahallesi,,İzmir,,5137,6338
relation_10562971,29 Ekim Mahallesi,,İzmir,,413,500
relation_10587691,Kaynaklar Merkez Mahallesi,,İzmir,,679,427
relation_10587710,Yıldızlar Mahallesi,,İzmir,,323,56
relation_10587731,Kırklar Mahallesi,,İzmir,,488,682
relation_10587737,Doğancılar Mahallesi,,İzmir,,115,89
relation_10587757,Belenbaşı Mahallesi,,İzmir,,480,588
relation_10587758,Karacaağaç Mahallesi,,İzmir,,288,300
relation_10627211,Poligon Mahallesi,,İzmir,,383,2647
relation_10627212,Muammer Akar Mahallesi,,İzmir,,698,4782
relation_10627213,General Kazım Özalp Mahallesi,,İzmir,,848,2710
relation_10627219,Bahçelievler Mahallesi,,İzmir,,1130,2610
relation_10627220,Arap Hasan Mahallesi,,İzmir,,1215,5739
relation_10627221,Basın Sitesi Mahallesi,,İzmir,,1933,10022
relation_10627222,Esenyalı Mahallesi,,İzmir,,703,4989
relation_10627234,Şehitler Mahallesi,,İzmir,,847,1201
relation_10627235,Metin Oktay Mahallesi,,İzmir,,1300,3379
relation_10627236,Adnan Süvari Mahallesi,,İzmir,,687,2279
relation_10627240,Esenlik Mahallesi,,İzmir,,1569,4104
relation_10627241,Vatan Mahallesi,,İzmir,,5638,11294
relation_10627242,Maliyeciler Mahallesi,,İzmir,,1213,2917
relation_10627262,Osman Aksüner Mahallesi,,İzmir,,190,322
relation_10627263,General Asım Gündüz Mahallesi,,İzmir,,381,706
relation_10627264,Çalıkuşu Mahallesi,,İzmir,,3034,4269
relation_10627265,Bahar Mahallesi,,İzmir,,2445,5096
relation_10627266,Doğanay Mahallesi,,İzmir,,2001,5742
relation_10627267,Reis Mahallesi,,İzmir,,1915,5301
relation_10627268,Aşık Veysel Mahallesi,,İzmir,,488,684
relation_10627475,Gülyaka Mahallesi,,İzmir,,3025,4591
relation_10627476,Kazım Karabekir Mahallesi,,İzmir,,2868,5486
relation_10627477,Refet Bele Mahallesi,,İzmir,,3427,4407
relation_10627478,Tahsin Yazıcı Mahallesi,,İzmir,,1974,3852
relation_10627479,Salih Omurtak Mahallesi,,İzmir,,1892,1760
relation_10627494,Tırazlı Mahallesi,,İzmir,,74,32
relation_10627495,Kavacık Mahallesi,,İzmir,,319,174
relation_10627496,Cennetoğlu Mahallesi,,İzmir,,1088,1584
relation_10627497,Sarıyer Mahallesi,,İzmir,,2506,3080
relation_10627498,Bozyaka Mahallesi,,İzmir,,4917,5269
relation_10627882,Yaşar Kemal Mahallesi,,İzmir,,2025,2992
relation_10627883,Uzundere Mahallesi,,İzmir,,498,2199
relation_10627899,Peker Mahallesi,,İzmir,,3765,2909
relation_10627900,Yurdoğlu Mahallesi,,İzmir,,2360,4968
relation_10627901,Cennetçeşme Mahallesi,,İzmir,,868,1043
relation_10627915,Aydın Mahallesi,,İzmir,,2555,2857
relation_10627918,Yunus Emre Mahallesi,,İzmir,,931,685
relation_10627947,Günaltay Mahallesi,,İzmir,,6548,6057
relation_10627948,Barış Mahallesi,,İzmir,,2534,6842
relation_10627949,Sevgi Mahallesi,,İzmir,,1131,4488
relation_10627950,Uğur Mumcu Mahallesi,,İzmir,,882,3007
relation_10627951,Selvili Mahallesi,,İzmir,,2566,3212
relation_10627952,Karabağlar Mahallesi,,İzmir,,2177,2814
relation_10627981,Abdi İpekçi Mahallesi,,İzmir,,1802,2242
relation_10627982,İhsan Alyanak Mahallesi,,İzmir,,2660,3284
relation_10628120,Ali Fuat Erden Mahallesi,,İzmir,,418,941
relation_10628121,Gazi Mahallesi,,İzmir,,3375,7407
relation_10628122,Özgür Mahallesi,,İzmir,,2276,1247
relation_10628123,Yüzbaşı Şerafettin Mahallesi,,İzmir,,1875,1875
relation_10628124,Devrim Mahallesi,,İzmir,,2745,2376
relation_10628298,Ali Fuat Cebesoy Mahallesi,,İzmir,,3399,4433
relation_10628299,Kibar Mahallesi,,İzmir,,1890,1442
relation_10628300,Umut Mahallesi,,İzmir,,2693,3565
relation_10628301,Bahriye Üçok Mahallesi,,İzmir,,931,847
relation_10628302,Limontepe Mahallesi,,İzmir,,1309,1743
relation_10663746,Irmak Mahallesi,,İzmir,,3404,7109
relation_10663747,Zafer Mahallesi,,İzmir,,964,1803
relation_10663748,Aktepe Mahallesi,,İzmir,,113,237
relation_10663749,Emrez Mahallesi,,İzmir,,1651,1949
relation_10663750,Binbaşı Reşatbey Mahallesi,,İzmir,,591,1646
relation_10663751,Gazi Mahallesi,,İzmir,,3375,7407
relation_10663752,Atıfbey Mahallesi,,İzmir,,3168,8277
relation_10663753,Yeşil Mahallesi,,İzmir,,1765,4609
relation_10663754,Gazikent Mahallesi,,İzmir,,1152,4062
relation_10663755,Sevgi Mahallesi,,İzmir,,1131,4488
relation_10663756,Beyazevler Mahallesi,,İzmir,,1227,2941
relation_10663757,Dokuz Eylül Mahallesi,,İzmir,,2367,4052
relation_10663758,Menderes Mahallesi,,İzmir,,53,38
relation_10663759,Atatürk Mahallesi,,İzmir,,2051,3663
relation_10663760,Fatih Mahallesi,,İzmir,,581,838
relation_10663761,Hürriyet Mahallesi,,İzmir,,2867,7231
relation_10663975,Payamlı Mahallesi,,İzmir,,84,144
relation_10663976,Küçükkaya Mahallesi,,İzmir,,78,134
relation_10663977,Mustafa Kemal Paşa Mahallesi,,İzmir,,501,1945
relation_10663978,Yelki Mahallesi,,İzmir,,751,3362
relation_10663979,Çamlı Mahallesi,,İzmir,,233,1146
relation_10816692,Atatürk Mahallesi,,İzmir,,2051,3663
relation_10911859,Alaçatı Mahallesi,,İzmir,,1547,5698
relation_10911860,Germiyan Mahallesi,,İzmir,,299,863
relation_10911861,Karaköy Mahallesi,,İzmir,,140,30
relation_10911862,Ildır Mahallesi,,İzmir,,107,475
relation_11158062,Çaltılıdere Mahallesi,,İzmir,,179,349
relation_11158063,Çakmaklı Mahallesi,,İzmir,,165,401
relation_11158082,Horozgediği Mahallesi,,İzmir,,109,111
relation_11158291,Mimar Sinan Mahallesi,,İzmir,,299,570
relation_11158292,Fatih Mahallesi,,İzmir,,581,838
relation_11158293,Bozköy Mahallesi,,İzmir,,265,157
relation_11158462,Şehitkemal Mahallesi,,İzmir,,222,290
relation_11158463,B.Hayrettin Paşa Mahallesi,,İzmir,,436,532
relation_11158473,Yukarı Şehitkemal Mahallesi,,İzmir,,73,339
relation_11158525,Karakuzu Mahallesi,,İzmir,,278,161
relation_11158526,Uzunhasanlar Mahallesi,,İzmir,,73,132
relation_11158527,Çıtak Mahallesi,,İzmir,,248,179
relation_11158549,Çoraklar Mahallesi,,İzmir,,29,26
relation_11158585,Karaköy Mahallesi,,İzmir,,140,30
relation_11158751,Kalabak Mahallesi,,İzmir,,231,101
relation_11158817,Hacıömerli Mahallesi,,İzmir,,330,329
relation_11158833,Kapukaya Mahallesi,,İzmir,,110,24
relation_11158837,Yüksekköy Mahallesi,,İzmir,,101,26
relation_11158875,Aşağışakran Mahallesi,,İzmir,,87,107
relation_11158876,Bahçedere Mahallesi,,İzmir,,871,1953
relation_11160084,Dağıstan Mahallesi,,İzmir,,333,84
relation_11160085,Seklik Mahallesi,,İzmir,,134,90
relation_11160100,Rahmanlar Mahallesi,,İzmir,,80,21
relation_11160317,Balıklıova Mahallesi,,İzmir,,202,699
relation_11160327,Bademler Mahallesi,,İzmir,,91,1600
relation_11160339,Yemişlik Mahallesi,,İzmir,,423,632
relation_11160340,Tepeköy Mahallesi,,İzmir,,36,793
relation_11160446,Bahçeli Mahallesi,,İzmir,,303,257
relation_11160769,Tuzçullu Mahallesi,,İzmir,,52,140
relation_11160811,29 Ekim Mahallesi,,İzmir,,413,500
relation_11160812,9 Eylül Mahallesi,,İzmir,,1267,5014
relation_11160965,İstiklal Mahallesi,,İzmir,,1060,1333
relation_11160966,30 Ağustos Mahallesi,,İzmir,,2905,9447
relation_11161040,Günerli Mahallesi,,İzmir,,41,87
relation_11161045,Gazi Mahallesi,,İzmir,,3375,7407
relation_11161046,Cumhuriyet Mahallesi,,İzmir,,214,301
relation_11161052,Villakent Mahallesi,,İzmir,,208,1542
relation_11161054,Mustafa Kemal Atatürk Mahallesi,,İzmir,,1271,3433
relation_11161056,İnönü Mahallesi,,İzmir,,5614,12388
relation_11161057,Gazi Mustafa Kemal Mahallesi,,İzmir,,515,1124
relation_11161063,85.Yıl Cumhuriyet Mahallesi,,İzmir,,146,380
relation_11161138,Güney Mahallesi,,İzmir,,1106,928
relation_11161168,Gökçealan Mahallesi,,İzmir,,204,514
relation_11161245,Güvendik Mahallesi,,İzmir,,364,1973
relation_11161312,İskele Mahallesi,,İzmir,,305,1195
relation_11161417,Bozyerler Mahallesi,,İzmir,,141,57
relation_11161458,Havuzbaşı Mahallesi,,İzmir,,21,241
relation_11161505,Kesik Mahallesi,,İzmir,,240,284
relation_11162794,Salihler Mahallesi,,İzmir,,523,2486
relation_11163044,Kabakum Mahallesi,,İzmir,,317,1173
relation_11163053,Mersin Alanı Mahallesi,,İzmir,,682,1474
relation_11163080,Gümüldür Cumhuriyet Mahallesi,,İzmir,,245,387
relation_11163689,Kıratlı Mahallesi,,İzmir,,194,292
relation_11186102,Denizli Mahallesi,,İzmir,,425,2247
relation_11269139,Yelaltı Mahallesi,,İzmir,,464,1814
relation_11269140,Yenikent Mahallesi,,İzmir,,240,467
relation_11269141,Şirinkent Mahallesi,,İzmir,,213,1150
relation_11269142,Kalabak Mahallesi,,İzmir,,231,101
relation_11269143,M.Fevzi Çakmak Mahallesi,,İzmir,,541,1767
relation_11269144,Zeytinalanı Mahallesi,,İzmir,,454,1133
relation_11269145,Çamlıçay Mahallesi,,İzmir,,348,1702
relation_11269302,Hacı İsa Mahallesi,,İzmir,,214,937
relation_11269303,Yenice Mahallesi,,İzmir,,40,49
relation_11269304,Ovacık Mahallesi,,İzmir,,91,158
relation_11271414,Camiatik Mahallesi,,İzmir,,185,400
relation_11271415,Naipli Mahallesi,,İzmir,,71,160
relation_11271416,Yeni Mahallesi,,İzmir,,5986,9203
relation_11271597,Torbalı Mahallesi,,İzmir,,5432,8657
relation_11271598,Alpkent Mahallesi,,İzmir,,2293,3706
relation_11271599,Yedi Eylül Mahallesi,,İzmir,,932,1112
relation_11271600,Ertuğrul Mahallesi,,İzmir,,566,1171
relation_11271601,Karşıyaka Mahallesi,,İzmir,,513,914
relation_11271602,Atatürk Mahallesi,,İzmir,,2051,3663
relation_11271845,Mustafa Kemal Atatürk Mahallesi,,İzmir,,1271,3433
relation_11271846,Çaybaşı Mahallesi,,İzmir,,341,633
relation_11271847,Yeni Mahalle,,İzmir,,2277,6327
relation_11271848,Cumhuriyet Mahallesi,,İzmir,,214,301
relation_11271849,Muratbey Mahallesi,,İzmir,,4004,9250
relation_11271899,Kazım Dirik Mahallesi,,İzmir,,1855,3706
relation_11271900,Yenibağarası Mahallesi,,İzmir,,640,1172
relation_11274520,Hacıveli Mahallesi,,İzmir,,364,1122
relation_11274541,Kemal Atatürk Mahallesi,,İzmir,,214,411
relation_11274694,Kemal Atatürk Mahallesi,,İzmir,,214,411
relation_11280971,Gölcük Mahallesi,,İzmir,,1232,2544
relation_11280972,İncirli Pınar Mahallesi,,İzmir,,581,2308
relation_11281274,Mareşal Fevzi Çakmak Mahallesi,,İzmir,,254,394
relation_11281314,Cumhuriyet Mahallesi,,İzmir,,214,301
relation_11281315,Kozbeyli Mahallesi,,İzmir,,149,384
relation_11281316,Ilıpınar Mahallesi,,İzmir,,191,399
relation_11281323,Yeniköy Mahallesi,,İzmir,,63,147
relation_11282362,Fevzi Çakmak Mahallesi,,İzmir,,1753,6075
relation_11282363,Mustafa Kemal Atatürk Mahallesi,,İzmir,,1271,3433
relation_11282364,Koca Mehmetler Mahallesi,,İzmir,,10,111
relation_11282426,Atatürk Mahallesi,,İzmir,,2051,3663
relation_11282427,Fevzipaşa Mahallesi,,İzmir,,659,927
relation_11282428,İsmetpaşa Mahallesi,,İzmir,,2030,4850
relation_11282429,Fatih Mahallesi,,İzmir,,581,838
relation_11284528,Osmaniye Mahallesi,,İzmir,,922,1025
relation_11284529,Poyracık Mahallesi,,İzmir,,1966,2055
relation_11284531,Yeni Mahalle,,İzmir,,2277,6327
relation_11284941,Türkcedit Mahallesi,,İzmir,,469,853
relation_11284942,Fatih Mahallesi,,İzmir,,581,838
relation_11285098,Dündarlı Mahallesi,,İzmir,,54,189
relation_11285133,Işıklar Mahallesi,,İzmir,,576,936
relation_11285134,Yayakent Mahallesi,,İzmir,,377,543
relation_11285299,Cumalı Mahallesi,,İzmir,,63,90
relation_11285665,Irmak Mahallesi,,İzmir,,3404,7109
relation_11285666,Esatpaşa Mahallesi,,İzmir,,2180,4170
relation_11285667,Ulus Mahallesi,,İzmir,,855,1241
relation_11285668,Zeytinlik Mahallesi,,İzmir,,2147,2439
relation_11358218,Hürriyet Mahallesi,,İzmir,,2867,7231
relation_11358219,Ata Mahallesi,,İzmir,,341,984
relation_11358220,Kısık Mahallesi,,İzmir,,144,172
relation_11358315,Görece Cumhuriyet Mahallesi,,İzmir,,649,1075
relation_11358367,Gazipaşa Mahallesi,,İzmir,,169,220
relation_11358627,İsmet İnönü Mahallesi,,İzmir,,923,2676
relation_11358628,Tülbentli Mahallesi,,İzmir,,454,766
relation_11358630,Atatürk Mahallesi,,İzmir,,2051,3663
relation_11358631,Seydinnasrullah Mahallesi,,İzmir,,260,137
relation_11358632,Zafer Mahallesi,,İzmir,,964,1803
relation_11358633,Kazımpaşa Mahallesi,,İzmir,,1020,493
relation_11358634,Kasımpaşa Mahallesi,,İzmir,,1637,2711
relation_11359457,Camiikebir Mahallesi,,İzmir,,382,527
relation_11359458,Mermerli Mahallesi,,İzmir,,2026,3400
relation_11359459,Ahıhıdır Mahallesi,,İzmir,,979,293
relation_11359460,Gaybi Mahallesi,,İzmir,,178,215
relation_11369066,Gökçeyurt Mahallesi,,İzmir,,29,17
relation_11369067,Halilbeyli Mahallesi,,İzmir,,553,496
relation_11479460,Anafartalar Mahallesi,,İzmir,,2118,3623
relation_11479461,Atatürk Mahallesi,,İzmir,,2051,3663
relation_11479512,Atmaca Mahallesi,,İzmir,,775,398
relation_11479513,Gazipaşa Mahallesi,,İzmir,,169,220
relation_11479514,Barbaros Mahallesi,,İzmir,,164,191
relation_11480802,Cumhuriyet Mahallesi,,İzmir,,214,301
relation_11480803,Yeni Mahallesi,,İzmir,,5986,9203
relation_11480804,Atatürk Mahallesi,,İzmir,,2051,3663
relation_11480805,Hürriyet Mahallesi,,İzmir,,2867,7231
relation_11480806,Fatih Mahallesi,,İzmir,,581,838
relation_11482352,Merkez Mahallesi,,İzmir,,1613,2387
relation_11505377,İskele Mahallesi,,İzmir,,305,1195
relation_11505498,Bozköy Mahallesi,,İzmir,,265,157
relation_11524864,Musabey Mahallesi,,İzmir,,109,118
relation_11554911,Buruncuk Mahallesi,,İzmir,,117,218
relation_11554912,Çavuş Mahallesi,,İzmir,,131,176
relation_11556394,Fatih Mahallesi,,İzmir,,581,838
relation_11556395,Yıldırım Mahallesi,,İzmir,,533,431
relation_11556507,Anbarseki Mahallesi,,İzmir,,16,166
relation_11556508,Saip Mahallesi,,İzmir,,49,258
relation_11557114,Kösedere Mahallesi,,İzmir,,81,270
relation_11557196,İnecik Mahallesi,,İzmir,,34,209
relation_11557455,Mordoğan Mahallesi,,İzmir,,1108,2880
relation_11557456,Eğlenhoca Mahallesi,,İzmir,,117,254
relation_11557951,Küçükbahçe Mahallesi,,İzmir,,102,283
relation_11558383,Sarpıncık Mahallesi,,İzmir,,47,58
relation_11558384,Hasseki Mahallesi,,İzmir,,31,76
relation_11558385,Tepeboz Mahallesi,,İzmir,,79,205
relation_11558386,Yayla Mahallesi,,İzmir,,50,30
relation_11558387,Parlak Mahallesi,,İzmir,,41,94
relation_11558388,Salman Mahallesi,,İzmir,,40,71
relation_11558740,Zeytindağ Mahallesi,,İzmir,,974,786
relation_11558792,Gökçeağıl Mahallesi,,İzmir,,112,92
relation_11558793,Örlemiş Mahallesi,,İzmir,,110,108
relation_11560398,Çukuralanı Mahallesi,,İzmir,,50,34
relation_11560399,Nebiler Mahallesi,,İzmir,,107,66
relation_11560542,Yanıkköy Mahallesi,,İzmir,,355,196
relation_11560543,Hatundere Mahallesi,,İzmir,,539,783
relation_11560563,Doğa Mahallesi,,İzmir,,206,175
relation_11561284,Mazılı Mahallesi,,İzmir,,44,71
relation_11561744,Demircilik Mahallesi,,İzmir,,280,288
relation_11561745,Sadıkpaşa Mahallesi,,İzmir,,1302,1857
relation_11561746,Hatay Mahallesi,,İzmir,,127,226
relation_11561747,Fatih Mahallesi,,İzmir,,581,838
relation_11561748,Çınar Mahallesi,,İzmir,,67,44
relation_11561749,Yeni Mahalle,,İzmir,,2277,6327
relation_11561751,Camii Mahallesi,,İzmir,,220,205
relation_11561752,Hacı İbrahim Mahallesi,,İzmir,,407,463
relation_11561753,Yenice Mahallesi,,İzmir,,40,49
relation_11561754,Kurt Mahallesi,,İzmir,,217,252
relation_11561755,Mithatpaşa Mahallesi,,İzmir,,176,299
relation_11561756,Bıyıklar Mahallesi,,İzmir,,187,200
relation_11561757,Hacı Beşir Mahallesi,,İzmir,,209,248
relation_11562152,Havutçulu Mahallesi,,İzmir,,104,101
relation_11562153,Çamlık Mahallesi,,İzmir,,160,117
relation_11562208,Acarlar Mahallesi,,İzmir,,112,176
relation_11562209,Cumhuriyet Mahallesi,,İzmir,,214,301
relation_11562210,Atatürk Mahallesi,,İzmir,,2051,3663
relation_11562211,Sultaniye Mahallesi,,İzmir,,15,23
relation_11562217,Zeytinköy Mahallesi,,İzmir,,238,308
relation_11562218,14 Mayıs Mahallesi,,İzmir,,1545,3080
relation_11562225,Zafer Mahallesi,,İzmir,,964,1803
relation_11562233,Şirince Mahallesi,,İzmir,,82,259
relation_11562234,Barutçu Mahallesi,,İzmir,,68,83
relation_11562235,Belevi Mahallesi,,İzmir,,616,767
relation_11562236,İsa Bey Mahallesi,,İzmir,,578,1158
relation_11564441,Uğur Mumcu Mahallesi,,İzmir,,882,3007
relation_11564442,Çukurköy Mahallesi,,İzmir,,471,76
relation_11569661,Sığacık Mahallesi,,İzmir,,499,2388
relation_11569662,Camikebir Mahallesi,,İzmir,,1943,6223
relation_11645405,Ahmetli Mahallesi,,İzmir,,262,520
relation_11645429,Yeniköy Mahallesi,,İzmir,,63,147
relation_11645430,Sağlık Mahallesi,,İzmir,,58,63
relation_11645602,Özbey Mahallesi,,İzmir,,1026,851
relation_11645657,Kuşçuburun Mahallesi,,İzmir,,494,777
relation_11645658,Kaplancık Mahallesi,,İzmir,,79,125
relation_11768800,Mithatpaşa Mahallesi,,İzmir,,176,299
relation_11768801,Kemalpaşa Mahallesi,,İzmir,,3040,3989
relation_11768848,Kasımpaşa Mahallesi,,İzmir,,1637,2711
relation_11768849,Gölcükler Mahallesi,,İzmir,,1481,2152
relation_11768895,Mehmet Akif Ersoy Mahallesi,,İzmir,,7591,5511
relation_11769033,Yeşil Pınar Mahallesi,,İzmir,,1001,1309
relation_11769264,Süleyman Demirel Mahallesi,,İzmir,,2346,3923
relation_11769265,Zafer Mahallesi,,İzmir,,964,1803
relation_11769266,Cumhuriyet Mahallesi,,İzmir,,214,301
relation_11769267,İnönü Mahallesi,,İzmir,,5614,12388
relation_11769278,Hürriyet Mahallesi,,İzmir,,2867,7231
relation_11769333,Umurbey Mahallesi,,İzmir,,62,127
relation_11769334,Akıncılar Mahallesi,,İzmir,,2523,5392
relation_11769335,Mimar Sinan Mahallesi,,İzmir,,299,570
relation_11769336,Bengisu Mahallesi,,İzmir,,1668,1847
relation_11769337,Kuvvetli Mahallesi,,İzmir,,698,476
relation_11769358,Türkmen Mahallesi,,İzmir,,1816,1304
relation_11769359,Meşrutiyet Mahallesi,,İzmir,,311,358
relation_11769360,Üç Eylül Mahallesi,,İzmir,,1247,1599
relation_11769361,Emmioğlu Mahallesi,,İzmir,,667,576
relation_11769364,Ketenci Mahallesi,,İzmir,,464,451
relation_11769409,İstiklal Mahallesi,,İzmir,,1060,1333
relation_11769410,Paşa Mahallesi,,İzmir,,274,338
relation_11769411,İpekçiler Mahallesi,,İzmir,,504,605
relation_11769412,Dere Mahallesi,,İzmir,,497,531
relation_11769413,Kurtuluş Mahallesi,,İzmir,,1928,3743
relation_11769415,İbni Melek Mahallesi,,İzmir,,1149,1837
relation_11769416,4 Eylül Mahallesi,,İzmir,,1019,1661
relation_11769434,Toki Mahallesi,,İzmir,,784,868
relation_11769435,Adnan Menderes Mahallesi,,İzmir,,1181,1819
relation_11769436,İhsaniye Mahallesi,,İzmir,,16,72
relation_11769445,Turan Mahallesi,,İzmir,,56,256
relation_11769446,Bahariye Mahallesi,,İzmir,,1250,7646
relation_11769447,Ertuğrul Mahallesi,,İzmir,,566,1171
relation_11769448,Dumlupınar Mahallesi,,İzmir,,639,2058
relation_11769573,İslamlar Mahallesi,,İzmir,,50,127
relation_11769574,Cumhuriyet Mahallesi,,İzmir,,214,301
relation_11771534,Kızılçukur Mahallesi,,İzmir,,150,34
relation_11773294,Kıroba Mahallesi,,İzmir,,23,28
relation_11773411,İsmetpaşa Mahallesi,,İzmir,,2030,4850
relation_11773444,Ertuğrul Mahallesi,,İzmir,,566,1171
relation_11773573,Turabey Mahallesi,,İzmir,,1132,1089
relation_11773574,İnkılap Mahallesi,,İzmir,,436,536
relation_11773580,Zafer Mahallesi,,İzmir,,964,1803
relation_11773653,İslamsaray Mahallesi,,İzmir,,451,347
relation_11773666,Fevzipaşa Mahallesi,,İzmir,,659,927
relation_11773667,Gaziosmanpaşa Mahallesi,,İzmir,,2315,3020
relation_11773668,Atatürk Mahallesi,,İzmir,,2051,3663
relation_11773669,Maltepe Mahallesi,,İzmir,,2807,4574
relation_11773681,Fatih Mahallesi,,İzmir,,581,838
relation_11773690,Bahçelievler Mahallesi,,İzmir,,1130,2610
relation_11775903,Kurtuluş Mahallesi,,İzmir,,1928,3743
relation_11775904,Selçuk Mahallesi,,İzmir,,475,660
relation_11775906,Talatpaşa Mahallesi,,İzmir,,283,249
relation_11776880,Turgutlar Mahallesi,,İzmir,,12,28
relation_11777375,Çapak Mahallesi,,İzmir,,564,636
relation_11777501,Yahşelli Mahallesi,,İzmir,,983,1618
relation_11777518,Soğukpınar Mahallesi,,İzmir,,3696,2917
relation_11784064,Atatürk Mahallesi,,İzmir,,2051,3663
relation_11787862,Yaka Mahallesi,,İzmir,,51,363
relation_11790538,Sıra Mahallesi,,İzmir,,673,1370
relation_11790543,Altıntaş Mahallesi,,İzmir,,842,2963
relation_11790608,Özbek Mahallesi,,İzmir,,198,1040
relation_11790609,Torasan Mahallesi,,İzmir,,233,863
relation_11790610,Rüstem Mahallesi,,İzmir,,198,652
relation_11790618,İstiklal Mahallesi,,İzmir,,1060,1333
relation_11790619,Cumhuriyet Mahallesi,,İzmir,,214,301
relation_11790641,Cumhuriyet Mahallesi,,İzmir,,214,301
relation_11790642,Atatürk Mahallesi,,İzmir,,2051,3663
relation_11790778,Yenice Mahallesi,,İzmir,,40,49
relation_11790779,Kocaoba Mahallesi,,İzmir,,58,60
relation_11790783,Çağlan Mahallesi,,İzmir,,74,22
relation_11790784,Samanlıkköy Mahallesi,,İzmir,,50,23
relation_11794262,Salimbey Mahallesi,,İzmir,,961,3162
relation_11794464,Gazipaşa Mahallesi,,İzmir,,169,220
relation_11794476,Hıdırlık Mahallesi,,İzmir,,1390,3770
relation_11794496,Turabiye Mahallesi,,İzmir,,1577,2844
relation_11794509,Çolak İbrahim Bey Mahallesi,,İzmir,,863,2153
relation_11875176,Yeni Mahalle,,İzmir,,2277,6327
relation_11875182,Cüneytbey Mahallesi,,İzmir,,2156,3326
relation_11875183,Barbaros Mahallesi,,İzmir,,164,191
relation_11923069,Çandarlı Mahallesi,,İzmir,,1395,4631
relation_11979934,Haykıran Mahallesi,,İzmir,,385,344
relation_11979935,Belen Mahallesi,,İzmir,,71,105
relation_11979936,Bozalan Mahallesi,,İzmir,,172,33
relation_12010393,Pancar Mahallesi,,İzmir,,367,695
relation_12010428,Yeşilköy Mahallesi,,İzmir,,68,57
relation_12010429,Türkmenköy Mahallesi,,İzmir,,343,802
relation_12010430,Kazım Karabekir Mahallesi,,İzmir,,2868,5486
relation_12114457,İçmeler Mahallesi,,İzmir,,485,1701
relation_12118725,Hasanlar Mahallesi,,İzmir,,73,137
relation_12193234,Değirmendere Mahallesi,,İzmir,,264,878
relation_12193235,Yayla Mahallesi,,İzmir,,50,30
relation_12193404,Emiralem Merkez Mahallesi,,İzmir,,372,572
relation_12193405,Telekler Mahallesi,,İzmir,,64,52
relation_12193406,Süleymanlı Mahallesi,,İzmir,,20,95
relation_12193407,Görece Mahallesi,,İzmir,,144,124
relation_12193408,İğnedere Mahallesi,,İzmir,,62,31
relation_12193561,Bağcılar Mahallesi,,İzmir,,67,76
relation_12193562,Ayvacık Mahallesi,,İzmir,,125,146
relation_12193563,Çaltı Mahallesi,,İzmir,,13,227
relation_12193564,Karaorman Mahallesi,,İzmir,,51,32
relation_12193565,Alaniçi Mahallesi,,İzmir,,184,96
relation_12193566,Kır Mahallesi,,İzmir,,82,87
relation_12193567,Göktepe Mahallesi,,İzmir,,272,253
relation_12194047,Demirci Mahallesi,,İzmir,,119,224
relation_12194066,Yoğurtçular Mahallesi,,İzmir,,176,138
relation_12194255,Ayrancılar Mahallesi,,İzmir,,4833,5639
relation_12194256,Fevzi Çakmak Mahallesi,,İzmir,,1753,6075
relation_12194257,Bahçelievler Mahallesi,,İzmir,,1130,2610
relation_12194258,İnönü Mahallesi,,İzmir,,5614,12388
relation_12194263,İstiklal Mahallesi,,İzmir,,1060,1333
relation_12194264,Yazıbaşı Mahallesi,,İzmir,,867,1145
relation_12194321,Bozköy Mahallesi,,İzmir,,265,157
relation_12194327,Çakırbeyli Mahallesi,,İzmir,,249,187
relation_12194332,Saipler Mahallesi,,İzmir,,71,134
relation_12195186,Ortaköy Mahallesi,,İzmir,,41,63
relation_12195216,Karakuyu Mahallesi,,İzmir,,352,364
relation_12195220,Dağkızılca Mahallesi,,İzmir,,235,377
relation_12195230,Karaot Mahallesi,,İzmir,,71,179
relation_12195325,Karakızlar Mahallesi,,İzmir,,155,228
relation_12195653,Gazi Mustafa Kemal Mahallesi,,İzmir,,515,1124
relation_12195768,Dirmil Mahallesi,,İzmir,,291,317
relation_12195955,Ormanköy Mahallesi,,İzmir,,59,117
relation_12195986,Çamlıca Mahallesi,,İzmir,,105,140
relation_12196178,Dağteke Mahallesi,,İzmir,,83,43
relation_12196179,Helvacı Mahallesi,,İzmir,,70,85
relation_12196185,Düverlik Mahallesi,,İzmir,,81,40
relation_12196251,Eğerci Mahallesi,,İzmir,,293,329
relation_12196292,Taşkesik Mahallesi,,İzmir,,60,213
relation_12196323,Arslanlar Mahallesi,,İzmir,,257,338
relation_12196329,Şehitler Mahallesi,,İzmir,,847,1201
relation_12196419,Pamukyazı Mahallesi,,İzmir,,482,845
relation_12196484,19 Mayıs Mahallesi,,İzmir,,616,1085
relation_12196595,Kırbaş Mahallesi,,İzmir,,75,103
relation_12196694,Atalan Mahallesi,,İzmir,,111,218
relation_12196736,Subaşı Mahallesi,,İzmir,,424,1017
relation_12196870,Naime Mahallesi,,İzmir,,52,176
relation_12197013,Bülbüldere Mahallesi,,İzmir,,43,78
relation_12197014,Tulum Mahallesi,,İzmir,,62,237
relation_12197015,Göllüce Mahallesi,,İzmir,,68,398
relation_12197963,İhsaniye Mahallesi,,İzmir,,16,72
relation_12198041,Turgut Mahallesi,,İzmir,,78,216
relation_12198081,Düzce Mahallesi,,İzmir,,238,653
relation_12198082,Ulamış Mahallesi,,İzmir,,391,1662
relation_12198090,Tepecik Mahallesi,,İzmir,,704,1641
relation_12198346,Bengiler Mahallesi,,İzmir,,610,1245
relation_12198359,Atatürk Mahallesi,,İzmir,,2051,3663
relation_12198390,Cumhuriyet Mahallesi,,İzmir,,214,301
relation_12198469,Payamlı Mahallesi,,İzmir,,84,144
relation_12198597,Kavakdere Mahallesi,,İzmir,,77,140
relation_12198819,Orhanlı Mahallesi,,İzmir,,358,608
relation_12198846,Beyler Mahallesi,,İzmir,,115,183
relation_12198868,Gölcük Mahallesi,,İzmir,,1232,2544
relation_12199030,Gödence Mahallesi,,İzmir,,93,148
relation_12199031,Çamtepe Mahallesi,,İzmir,,623,3927
relation_12199068,Oğlananası Atatürk Mahallesi,,İzmir,,363,423
relation_12199080,Bulgurca Mahallesi,,İzmir,,556,795
relation_12199081,Oğlananası Cumhuriyet Mahallesi,,İzmir,,351,369
relation_12199091,Gümüldür Atatürk Mahallesi,,İzmir,,337,708
relation_12199126,Gümüldür Fevzi Çakmak Mahallesi,,İzmir,,1202,1770
relation_12199177,Gümüldür İnönü Mahallesi,,İzmir,,156,504
relation_12199191,Gölova Mahallesi,,İzmir,,127,80
relation_12199278,Ahmetbeyli Mahallesi,,İzmir,,174,641
relation_12199298,Özdere Cumhuriyet Mahallesi,,İzmir,,421,691
relation_12199301,Orta Mahallesi,,İzmir,,79,87
relation_12199302,Çukuraltı Mahallesi,,İzmir,,1173,2832
relation_12199392,Çakaltepe Mahallesi,,İzmir,,194,273
relation_12199408,Karakuyu Mahallesi,,İzmir,,352,364
relation_12199436,Ataköy Mahallesi,,İzmir,,413,833
relation_12199437,Çile Mahallesi,,İzmir,,117,335
relation_12199686,Çamönü Mahallesi,,İzmir,,472,705
relation_12199754,Altıntepe Mahallesi,,İzmir,,1364,937
relation_12199773,Tekeli Fevzi Çakmak Mahallesi,,İzmir,,631,392
relation_12199885,Akçaköy Mahallesi,,İzmir,,160,113
relation_12199898,Tekeli Atatürk Mahallesi,,İzmir,,588,403
relation_12199934,Çileme Mahallesi,,İzmir,,641,614
relation_12199977,Keler Mahallesi,,İzmir,,62,49
relation_12200004,Sancaklı Mahallesi,,İzmir,,77,55
relation_12200005,Değirmendere Mahallesi,,İzmir,,264,878
relation_12200042,Develi Mahallesi,,İzmir,,969,567
relation_12200054,Şaşal Mahallesi,,İzmir,,288,76
relation_12200055,Dereköy Mahallesi,,İzmir,,104,83
relation_12200943,Kuyucak Mahallesi,,İzmir,,301,150
relation_12200987,Küner Mahallesi,,İzmir,,1385,240
relation_12200988,Yeniköy Mahallesi,,İzmir,,63,147
relation_12200996,Çatalca Mahallesi,,İzmir,,209,251
relation_12200997,Efemçukuru Mahallesi,,İzmir,,116,164
relation_12202667,Aziziye Mahallesi,,İzmir,,87,163
relation_12202726,Hamzahocalı Mahallesi,,İzmir,,103,84
relation_12202891,Kocaköy Mahallesi,,İzmir,,22,5
relation_12202911,Bekirler Mahallesi,,İzmir,,14,10
relation_12202981,Yeniçiftlik Mahallesi,,İzmir,,101,254
relation_12203062,Ayaklıkırı Mahallesi,,İzmir,,119,115
relation_12203417,Yağcılar Mahallesi,,İzmir,,64,266
relation_12203431,Yukarıtosunlar Mahallesi,,İzmir,,62,56
relation_12211986,Kuşçular Mahallesi,,İzmir,,1010,1430
relation_12212000,Demircili Mahallesi,,İzmir,,263,326
relation_12212006,Yağcılar Mahallesi,,İzmir,,64,266
relation_12212045,Bademli Mahallesi,,İzmir,,252,683
relation_12212078,Yahşibey Mahallesi,,İzmir,,48,139
relation_12212182,Merdivenli Mahallesi,,İzmir,,106,55
relation_12212200,Katıralanı Mahallesi,,İzmir,,51,69
relation_12212201,Yaylayurt Mahallesi,,İzmir,,19,272
relation_12212206,Deliktaş Mahallesi,,İzmir,,19,1210
relation_12212244,Demirtaş Mahallesi,,İzmir,,69,123
relation_12212254,Uzunburun Mahallesi,,İzmir,,41,148
relation_12212255,Esentepe Mahallesi,,İzmir,,955,2991
relation_12212287,Vişneli Mahallesi,,İzmir,,154,315
relation_12212301,Çınarköy Mahallesi,,İzmir,,236,594
relation_12212323,Gülbahçe Mahallesi,,İzmir,,385,2050
relation_12212354,Kadıovacık Mahallesi,,İzmir,,84,134
relation_12212355,Barbaros Mahallesi,,İzmir,,164,191
relation_12212469,Zeytinler Mahallesi,,İzmir,,105,189
relation_12212474,Zeytineli Mahallesi,,İzmir,,177,134
relation_12212487,Birgi Mahallesi,,İzmir,,638,683
relation_12212488,Uzunkuyu Mahallesi,,İzmir,,71,264
relation_12212489,Nohutalan Mahallesi,,İzmir,,44,79
relation_12212571,Kızılüzüm Mahallesi,,İzmir,,330,184
relation_12212582,Mustafa Kemal Atatürk Mahallesi,,İzmir,,1271,3433
relation_12212586,Cumhuriyet Mahallesi,,İzmir,,214,301
relation_12212595,İstiklal Mahallesi,,İzmir,,1060,1333
relation_12215206,Örnekköy Mahallesi,,İzmir,,4608,11798
relation_12215301,Sarıçalı Mahallesi,,İzmir,,14,256
relation_12215465,Zeamet Mahallesi,,İzmir,,17,20
relation_12215472,Hamzababa Mahallesi,,İzmir,,6,82
relation_12215483,Çınardibi Mahallesi,,İzmir,,231,380
relation_12215492,Tokatbaşı Mahallesi,,İzmir,,151,193
relation_12215523,Karahalilli Mahallesi,,İzmir,,163,137
relation_12215567,Fırınlı Mahallesi,,İzmir,,385,396
relation_12215647,Damlacık Mahallesi,,İzmir,,560,251
relation_12215714,Kuyucak Mahallesi,,İzmir,,301,150
relation_12215741,Ansızca Mahallesi,,İzmir,,241,216
relation_12215756,Beşpınar Mahallesi,,İzmir,,37,55
relation_12215819,Yenmiş Mahallesi,,İzmir,,126,104
relation_12215841,Aşağı Yenmiş Mahallesi,,İzmir,,236,145
relation_12215886,Sütçüler Mahallesi,,İzmir,,1654,983
relation_12215901,Çiniliköy Mahallesi,,İzmir,,76,167
relation_12215932,Nazarköy Mahallesi,,İzmir,,99,168
relation_12215970,Seyrekli Mahallesi,,İzmir,,225,198
relation_12216005,Karakova Mahallesi,,İzmir,,46,34
relation_12216006,Kazanlı Mahallesi,,İzmir,,167,180
relation_12216127,Çayır Mahallesi,,İzmir,,383,27
relation_12216140,Hamam Mahallesi,,İzmir,,358,62
relation_12216146,Ahmetbeyler Mahallesi,,İzmir,,141,34
relation_12216148,Atçılar Mahallesi,,İzmir,,32,17
relation_12216158,Sucahlı Mahallesi,,İzmir,,103,52
relation_12216159,Karatekeli Mahallesi,,İzmir,,33,43
relation_12216161,Taştepe Mahallesi,,İzmir,,4,327
relation_12216163,Çaltı Mahallesi,,İzmir,,13,227
relation_12216169,Değirmencieli Mahallesi,,İzmir,,61,37
relation_12216208,Adaküre Mahallesi,,İzmir,,130,191
relation_12216214,Beyköy Mahallesi,,İzmir,,84,118
relation_12216229,Halıköy Mahallesi,,İzmir,,71,234
relation_12216230,Alakeçili Mahallesi,,İzmir,,33,49
relation_12216345,Karateke Mahallesi,,İzmir,,152,205
relation_12216388,Duatepe Mahallesi,,İzmir,,494,980
relation_12216391,Hasköy Mahallesi,,İzmir,,191,347
relation_12216412,Çırpı Cami Mahallesi,,İzmir,,197,463
relation_12216502,Şemsiler Mahallesi,,İzmir,,209,235
relation_12216567,Mahmudiye Mahallesi,,İzmir,,113,75
relation_12216568,Çitköy Mahallesi,,İzmir,,91,66
relation_12217041,Bıçakçı Mahallesi,,İzmir,,567,591
relation_12217066,Emirli Mahallesi,,İzmir,,343,300
relation_12219041,Akalan Mahallesi,,İzmir,,388,379
relation_12219057,Çambel Mahallesi,,İzmir,,448,447
relation_12219112,Yeşilköy Mahallesi,,İzmir,,68,57
relation_12219640,İbrahimçavuş Mahallesi,,İzmir,,130,334
relation_12219641,Necati Uza Mahallesi,,İzmir,,640,100
relation_12220826,Yeşilyurt Mahallesi,,İzmir,,74,41
relation_12294026,Kocahaliller Mahallesi,,İzmir,,13,6
relation_12294065,Bayramcılar Mahallesi,,İzmir,,103,19
relation_12294076,Kızıltepe Mahallesi,,İzmir,,74,12
relation_12294126,Tavukçukuru Mahallesi,,İzmir,,130,64
relation_12294142,Öksüzler Mahallesi,,İzmir,,72,44
relation_12327054,İsmailli Mahallesi,,İzmir,,103,31
relation_12327073,Maruflar Mahallesi,,İzmir,,25,26
relation_12327480,Sindel Mahallesi,,İzmir,,61,70
relation_12327665,Kaşıkçı Mahallesi,,İzmir,,86,41
relation_12336543,Cumalı Mahallesi,,İzmir,,63,90
relation_12336544,Mektep Mahallesi,,İzmir,,147,413
relation_12336548,Arıkbaşı Mahallesi,,İzmir,,158,402
relation_12336555,Çiftçigediği Mahallesi,,İzmir,,35,124
relation_12336557,Kızılcaova Mahallesi,,İzmir,,340,302
relation_12336561,Dernekli Mahallesi,,İzmir,,20,95
relation_12336574,Hasançavuşlar Mahallesi,,İzmir,,28,63
relation_12336583,Halkapınar Mahallesi,,İzmir,,127,271
relation_12336639,Gaylan Mahallesi,,İzmir,,68,31
relation_12336667,Armağanlar Mahallesi,,İzmir,,41,47
relation_12336687,Karahıdırlı Mahallesi,,İzmir,,112,33
relation_12336708,Yukarıkırıklar Mahallesi,,İzmir,,46,51
relation_12336711,Hamzalısüleymaniye Mahallesi,,İzmir,,47,40
relation_12336720,Avunduk Mahallesi,,İzmir,,14,14
relation_12336725,Balaban Mahallesi,,İzmir,,13,14
relation_12336754,Mehmetler Mahallesi,,İzmir,,41,129
relation_12336766,Üzümler Mahallesi,,İzmir,,83,55
relation_12336769,Küçükkale Mahallesi,,İzmir,,77,103
relation_12336778,Büyükkale Mahallesi,,İzmir,,120,224
relation_12409715,Gökyaka Mahallesi,,İzmir,,18,74
relation_12409730,Dereköy Mahallesi,,İzmir,,104,83
relation_12409829,Yukarıkızılca Merkez Mahallesi,,İzmir,,504,1215
relation_12434447,Bayramlı Mahallesi,,İzmir,,58,69
relation_12436439,Aşağıkızılca Mahallesi,,İzmir,,395,761
relation_12541327,Koyuneli Mahallesi,,İzmir,,179,60
relation_12541342,Tekkedere Mahallesi,,İzmir,,88,89
relation_12541343,Çalıbahçe Mahallesi,,İzmir,,37,16
relation_12541344,Cevaplı Mahallesi,,İzmir,,39,16
relation_12541347,Eğrigöl Mahallesi,,İzmir,,49,64
relation_12541370,Bozköy Mahallesi,,İzmir,,265,157
relation_12541375,Sarıdere Mahallesi,,İzmir,,22,283
relation_12542219,Ovacık Mahallesi,,İzmir,,91,158
relation_12542348,Sinancılar Mahallesi,,İzmir,,190,262
relation_12542511,Sarılar Mahallesi,,İzmir,,256,482
relation_12542571,Kamberler Mahallesi,,İzmir,,67,69
relation_12542775,Yenikurudere Mahallesi,,İzmir,,84,155
relation_12542806,Bağyurdu 29 Ekim Mahallesi,,İzmir,,516,743
relation_12542943,Hürriyet Mahallesi,,İzmir,,2867,7231
relation_12543350,Yiğitler Mahallesi,,İzmir,,2617,7389
relation_12543385,Kazımpaşa Mahallesi,,İzmir,,1020,493
relation_12543386,Kemal Atatürk Mahallesi,,İzmir,,214,411
relation_12543387,Yeni Mahalle,,İzmir,,2277,6327
relation_12546060,Yenikent Mahallesi,,İzmir,,240,467
relation_12546067,Kurfallı Mahallesi,,İzmir,,87,117
relation_12547248,Aşağıkırıklar Mahallesi,,İzmir,,104,312
relation_12547313,Süleymanlı Mahallesi,,İzmir,,20,95
relation_12547397,Balaban Mahallesi,,İzmir,,13,14
relation_12547457,Musacalı Mahallesi,,İzmir,,37,22
relation_12547585,Arpaseki Mahallesi,,İzmir,,12,489
relation_12553145,Arkacılar Mahallesi,,İzmir,,139,162
relation_12561474,Balabanlı Mahallesi,,İzmir,,357,234
relation_12561484,Çamlıca Mahallesi,,İzmir,,105,140
relation_12563283,Atatürk Mahallesi,,İzmir,,2051,3663
relation_12563284,Cumhuriyet Mahallesi,,İzmir,,214,301
relation_12563285,Karaveliler Mahallesi,,İzmir,,231,240
relation_12563927,Ceritler Mahallesi,,İzmir,,284,264
relation_12563928,Kırköy Mahallesi,,İzmir,,254,228
relation_12563929,Hisar Mahallesi,,İzmir,,146,193
relation_12564060,Uzunköy Mahallesi,,İzmir,,181,57
relation_12564061,Ovacık Mahallesi,,İzmir,,91,158
relation_12564062,Pınarbaşı Mahallesi,,İzmir,,78,25
relation_12564088,Gedik Mahallesi,,İzmir,,148,103
relation_12567511,Doyranlı Mahallesi,,İzmir,,96,160
relation_12567512,Derebaşı Mahallesi,,İzmir,,291,365
relation_12567611,Kahrat Mahallesi,,İzmir,,194,686
relation_12686498,Çiftlikköy Mahallesi,,İzmir,,70,63
relation_12686505,İbrahimağa Mahallesi,,İzmir,,57,33
relation_12686515,Bademalan Mahallesi,,İzmir,,162,55
relation_12686518,Kodukburun Mahallesi,,İzmir,,7,22
relation_12686542,Mıstıklar Mahallesi,,İzmir,,147,14
relation_12686544,Bağalan Mahallesi,,İzmir,,26,296
relation_12686565,Büyükoba Mahallesi,,İzmir,,8,180
relation_12686583,Elmadere Mahallesi,,İzmir,,12,285
relation_12694292,Örtülü Mahallesi,,İzmir,,394,74
relation_12694302,Karadere Mahallesi,,İzmir,,105,34
relation_12694303,Arpadere Mahallesi,,İzmir,,187,45
relation_12694304,Çanköy Mahallesi,,İzmir,,142,52
relation_12694305,Köseler Mahallesi,,İzmir,,218,20
relation_12694318,Yaylaköy Mahallesi,,İzmir,,153,39
relation_12694319,Kalemköy Mahallesi,,İzmir,,78,35
relation_12694378,Ovacık Mahallesi,,İzmir,,91,158
relation_12694379,Sağancı Mahallesi,,İzmir,,92,130
relation_12694409,Bölcek Mahallesi,,İzmir,,280,477
relation_12694464,Ilgıncaber Mahallesi,,İzmir,,30,25
relation_12694465,Sarıcalar Mahallesi,,İzmir,,106,101
relation_12694778,Bozcayaka Mahallesi,,İzmir,,178,145
relation_12695597,Çiftlikköy Mahallesi,,İzmir,,70,63
relation_12695598,Sarıkaya Mahallesi,,İzmir,,78,54
relation_12695647,Kurudere Mahallesi,,İzmir,,123,217
relation_12695897,Yukarıaktepe Mahallesi,,İzmir,,100,93
relation_12695898,Aktepe Mahallesi,,İzmir,,113,237
relation_12695899,Menderes Mahallesi,,İzmir,,53,38
relation_12695900,Bakırköy Mahallesi,,İzmir,,78,109
relation_12695901,Karaoba Mahallesi,,İzmir,,139,109
relation_12697479,Yeşilova Mahallesi,,İzmir,,195,303
relation_12697480,Yakapınar Mahallesi,,İzmir,,37,641
relation_12697481,Söğütören Mahallesi,,İzmir,,351,159
relation_12697482,Elifli Mahallesi,,İzmir,,65,157
relation_12697933,Kadıköy Mahallesi,,İzmir,,81,276
relation_12697942,Ayaskent Mahallesi,,İzmir,,251,261
relation_12697958,Ferizler Mahallesi,,İzmir,,61,77
relation_12699919,Alaşarlı Mahallesi,,İzmir,,132,150
relation_12699949,Yeşilköy Mahallesi,,İzmir,,68,57
relation_12699950,Kızılcaavlu Mahallesi,,İzmir,,188,148
relation_12700003,Demirdere Mahallesi,,İzmir,,320,32
relation_12700050,Küre Mahallesi,,İzmir,,264,40
relation_12700051,Küçükören Mahallesi,,İzmir,,191,88
relation_12701409,Eğridere Mahallesi,,İzmir,,147,258
relation_12701410,Yeşiltepe Mahallesi,,İzmir,,113,77
relation_12702732,Yağlar Mahallesi,,İzmir,,146,164
relation_12900990,Çamlıbel Mahallesi,,İzmir,,119,81
relation_12901213,Alankıyı Mahallesi,,İzmir,,121,104
relation_12901214,Kızılcaağaç Mahallesi,,İzmir,,98,70
relation_12901221,Osmanlar Mahallesi,,İzmir,,198,29
relation_12901222,Balcılar Mahallesi,,İzmir,,128,110
relation_12901336,Dereköy Mahallesi,,İzmir,,104,83
relation_12901370,Hisarlık Mahallesi,,İzmir,,162,68
relation_12901567,Turan Mahallesi,,İzmir,,56,256
relation_12901677,Ergenli Mahallesi,,İzmir,,156,172
relation_12901847,Yusuflu Mahallesi,,İzmir,,218,373
relation_12901858,Yakacık Mahallesi,,İzmir,,187,222
relation_12901877,Buruncuk Mahallesi,,İzmir,,117,218
relation_12901972,Zeytinova Mahallesi,,İzmir,,410,539
relation_12908940,Pınarlı Mahallesi,,İzmir,,391,513
relation_12909014,Çenikler Mahallesi,,İzmir,,55,10
relation_12909070,Kızıloba Mahallesi,,İzmir,,320,190
relation_12912882,Karapınar Mahallesi,,İzmir,,30,25
relation_12912905,Gaziler Mahallesi,,İzmir,,31,8
relation_12912912,Alanköy Mahallesi,,İzmir,,101,30
relation_12912925,Karahayıt Mahallesi,,İzmir,,20,10
relation_12912933,Kabaağaç Mahallesi,,İzmir,,25,15
relation_12912934,Sarıyurt Mahallesi,,İzmir,,209,56
relation_12912936,Kızılkeçili Mahallesi,,İzmir,,263,48
relation_12912937,Lütuflar Mahallesi,,İzmir,,274,50
relation_13018293,İncecikler Mahallesi,,İzmir,,113,51
relation_13018294,Gökçeyurt Mahallesi,,İzmir,,29,17
relation_13018295,Kaleardı Mahallesi,,İzmir,,42,11
relation_13018296,Avunduruk Mahallesi,,İzmir,,36,17
relation_13025730,Kapukaya Mahallesi,,İzmir,,110,24
relation_13025858,Yerlitahtacı Mahallesi,,İzmir,,12,124
relation_13026144,Tiyelti Mahallesi,,İzmir,,79,47
relation_13026206,Çakırlar Mahallesi,,İzmir,,53,8
relation_13026240,Yalnızev Mahallesi,,İzmir,,29,481
relation_13026249,Alacalar Mahallesi,,İzmir,,80,30
relation_13026272,Tepeköy Mahallesi,,İzmir,,36,793
relation_13026278,Çamköy Mahallesi,,İzmir,,46,84
relation_13026281,Pınarköy Mahallesi,,İzmir,,41,606
relation_13026282,Narlıca Mahallesi,,İzmir,,16,520
relation_13026288,Zağnoz Mahallesi,,İzmir,,24,49
relation_13026504,Palamutçuk Mahallesi,,İzmir,,70,116
relation_13026513,Yeniyurt Mahallesi,,İzmir,,31,45
relation_13026782,Mutaflar Mahallesi,,İzmir,,58,161
relation_13026795,Tabaklar Mahallesi,,İzmir,,28,26
relation_13026808,Erikli Mahallesi,,İzmir,,122,141
relation_13026822,Çamlık Mahallesi,,İzmir,,160,117
relation_13026823,Çomaklar Mahallesi,,İzmir,,75,184
relation_13026850,Yeğenli Mahallesi,,İzmir,,166,172
relation_13026851,Kızılcahavlu Mahallesi,,İzmir,,88,311
relation_13026858,Kırtepe Mahallesi,,İzmir,,232,108
relation_13029829,Saçlı Mahallesi,,İzmir,,175,55
relation_13029830,Karabağ Mahallesi,,İzmir,,116,49
relation_13029831,Yeşildere Mahallesi,,İzmir,,210,38
relation_13029920,Çatak Mahallesi,,İzmir,,171,42
relation_13029921,Dokuzlar Mahallesi,,İzmir,,281,30
relation_13029922,Emenler Mahallesi,,İzmir,,166,54
relation_13029923,Veliler Mahallesi,,İzmir,,165,131
relation_13029953,Bozdağ Mahallesi,,İzmir,,146,276
relation_13030102,İlkkurşun Mahallesi,,İzmir,,50,90
relation_13030115,Kayaköy Mahallesi,,İzmir,,445,414
relation_13078488,Akyurt Mahallesi,,İzmir,,102,214
relation_13078662,Başköy Mahallesi,,İzmir,,133,245
relation_13079467,Ortaköy Mahallesi,,İzmir,,41,63
relation_13079527,Alaylı Mahallesi,,İzmir,,88,123
relation_13168035,Işıklar Mahallesi,,İzmir,,576,936
relation_13240318,Gökçen Mahallesi,,İzmir,,296,328
relation_13332754,Eskioba Mahallesi,,İzmir,,88,269
relation_13332842,Kurşak Mahallesi,,İzmir,,31,90
relation_13332861,Yenioba Mahallesi,,İzmir,,97,92
relation_13332862,Alacalı Mahallesi,,İzmir,,61,133
relation_13332910,Mahmutlar Mahallesi,,İzmir,,53,129
relation_13332911,Turgutlu Mahallesi,,İzmir,,21,80
relation_13332912,Akkoyunlu Mahallesi,,İzmir,,62,225
relation_13333205,Akçaşehir Mahallesi,,İzmir,,56,120
relation_13333237,Çayırlı Mahallesi,,İzmir,,27,204
relation_13333241,Yemişler Mahallesi,,İzmir,,54,20
relation_13333690,Hisarlık Mahallesi,,İzmir,,162,68
relation_13333871,Çukurköy Mahallesi,,İzmir,,471,76
relation_13333890,Kaplan Mahallesi,,İzmir,,39,56
relation_13334012,Bademli Mahallesi,,İzmir,,252,683
relation_13334023,Kemenler Mahallesi,,İzmir,,128,111
relation_13334024,Pirinççi Mahallesi,,İzmir,,199,131
relation_13334042,Konaklı Mahallesi,,İzmir,,213,945
relation_13334073,Ovakent Mahallesi,,İzmir,,409,1227
relation_13334087,Karaman Mahallesi,,İzmir,,122,207
relation_13334108,Sarısu Mahallesi,,İzmir,,193,69
relation_13334198,Kocaaliler Mahallesi,,İzmir,,37,46
relation_13334221,Cambazlı Mahallesi,,İzmir,,126,63
relation_13334288,Sarılar Mahallesi,,İzmir,,256,482
relation_13473603,Yenişehir Mahallesi,,İzmir,,147,137
relation_13473610,Umurcalı Mahallesi,,İzmir,,235,132
relation_13473617,Orhangazi Mahallesi,,İzmir,,128,82
relation_13480357,Köfündere Mahallesi,,İzmir,,92,101
relation_13480358,Bucak Mahallesi,,İzmir,,202,51
relation_13480393,Karaca Ali Mahallesi,,İzmir,,123,82
relation_13480441,Boynuyoğun Mahallesi,,İzmir,,131,112
relation_13480657,Aşağıılgındere Mahallesi,,İzmir,,43,39
relation_13480667,Aziziye Mahallesi,,İzmir,,87,163
relation_13480676,Akçenger Mahallesi,,İzmir,,100,68
relation_13480681,Alibeyli Mahallesi,,İzmir,,104,264
relation_13480686,Göçbeyli Mahallesi,,İzmir,,544,553
relation_13480687,Kozluca Mahallesi,,İzmir,,143,74
relation_13480699,Doğancı Mahallesi,,İzmir,,48,34
relation_13480704,Demircili Mahallesi,,İzmir,,263,326
relation_13480712,Yeniköy Mahallesi,,İzmir,,63,147
relation_13480717,Işık Mahallesi,,İzmir,,41,22
relation_13480746,Şirinköy Mahallesi,,İzmir,,98,38
relation_13490195,Çaylı Mahallesi,,İzmir,,495,547
relation_13490229,Suludere Mahallesi,,İzmir,,506,526
relation_13490239,Çanakçı Mahallesi,,İzmir,,154,40
relation_13490249,Aydoğdu Mahallesi,,İzmir,,2002,4123
relation_13490261,Başaran Mahallesi,,İzmir,,169,40
relation_13763991,Sekiköy Mahallesi,,İzmir,,197,108
relation_13844491,Umurlu Mahallesi,,İzmir,,415,208
relation_13844492,Ahmetler Mahallesi,,İzmir,,90,16
relation_13844687,Akpınar Mahallesi,,İzmir,,583,225
relation_13846240,Yılanlı Mahallesi,,İzmir,,105,8
relation_13846338,Cevizalan Mahallesi,,İzmir,,94,46
relation_13846445,Kemer Mahallesi,,İzmir,,136,38
relation_13847591,Işıklı Mahallesi,,İzmir,,255,149
relation_13847948,Toparlar Mahallesi,,İzmir,,45,36
relation_13848069,Dibekçi Mahallesi,,İzmir,,45,18
relation_13848401,Peşrefli Mahallesi,,İzmir,,98,340
relation_13848417,Kireli Mahallesi,,İzmir,,290,194
relation_13848463,Saruhanlı Mahallesi,,İzmir,,110,55
relation_13848498,Yenişehir Mahallesi,,İzmir,,147,137
relation_13848752,Eğridere Mahallesi,,İzmir,,147,258
relation_13848780,Çiniyeri Mahallesi,,İzmir,,152,200
relation_13848791,Çobanköy Mahallesi,,İzmir,,100,102
relation_13848800,Osmancık Mahallesi,,İzmir,,171,36
relation_13848829,Armutlu Mahallesi,,İzmir,,28,11
relation_13848881,Topalak Mahallesi,,İzmir,,48,100
relation_13848891,Akmescit Mahallesi,,İzmir,,323,52
relation_13848908,Musalar Mahallesi,,İzmir,,73,96
relation_13848971,Dağdere Mahallesi,,İzmir,,110,127
relation_13849027,Somak Mahallesi,,İzmir,,91,70
relation_13849076,Dereli Mahallesi,,İzmir,,102,49
relation_13849223,Yamandere Mahallesi,,İzmir,,114,31
relation_13849827,Kürdüllü Mahallesi,,İzmir,,120,57
relation_13849861,Dallık Mahallesi,,İzmir,,122,68
relation_13849881,Çeriközü Mahallesi,,İzmir,,147,112
relation_13849901,Küçükburun Mahallesi,,İzmir,,69,51
relation_13849935,Dündarlı Mahallesi,,İzmir,,54,189
relation_13849940,Küçükkömürcü Mahallesi,,İzmir,,42,35
relation_13849947,Büyükkömürcü Mahallesi,,İzmir,,191,37
relation_13849960,Küçükkemerdere Mahallesi,,İzmir,,261,93
relation_13849961,Büyükkemerdere Mahallesi,,İzmir,,200,58
relation_13850061,Artıcak Mahallesi,,İzmir,,60,15
relation_13850073,Örenli Mahallesi,,İzmir,,232,82
relation_13850231,Paşaköy Mahallesi,,İzmir,,39,57
relation_13850284,Çeltikçi Mahallesi,,İzmir,,88,46
relation_13852148,Altınoluk Mahallesi,,İzmir,,202,121
relation_13852197,Çömlekçi Mahallesi,,İzmir,,282,270
relation_13852257,Karaburç Mahallesi,,İzmir,,1311,414
relation_13925252,Yusufdere Mahallesi,,İzmir,,188,93
relation_13925263,Bülbüller Mahallesi,,İzmir,,54,35
relation_13925277,Yeniceköy Mahallesi,,İzmir,,380,176
relation_13925292,Ortaköy Mahallesi,,İzmir,,41,63
relation_13925309,Veliler Mahallesi,,İzmir,,165,131
relation_13925354,Bayırlı Mahallesi,,İzmir,,158,44
relation_14055067,Kerpiçlik Mahallesi,,İzmir,,104,49
relation_14055068,Karadoğan Mahallesi,,İzmir,,194,199
relation_14055118,Kızılca Mahallesi,,İzmir,,86,31
relation_14055996,Tumbullar Mahallesi,,İzmir,,119,49
relation_14056244,Çayağzı Mahallesi,,İzmir,,798,592
relation_14070674,Horzum Mahallesi,,İzmir,,346,87
relation_14070675,Süleymanlar Mahallesi,,İzmir,,29,25
relation_14070676,Tekke Mahallesi,,İzmir,,260,59
relation_14070686,Çamyayla Mahallesi,,İzmir,,143,120
relation_14070720,Köseler Mahallesi,,İzmir,,218,20
relation_14070721,Çobanlar Mahallesi,,İzmir,,42,40
relation_14070726,Mescitli Mahallesi,,İzmir,,174,320
relation_14070738,Uzundere Mahallesi,,İzmir,,498,2199
relation_14070753,Kaymakçı Mahallesi,,İzmir,,1186,1761
relation_14070770,Tosunlar Mahallesi,,İzmir,,157,14
relation_14070771,Suçıktı Mahallesi,,İzmir,,80,10
relation_14070825,Üzümlü Mahallesi,,İzmir,,83,106
relation_14099513,Kutlubeyler Mahallesi,,İzmir,,44,73
relation_14099575,Ovacık Mahallesi,,İzmir,,91,158
relation_14099825,Ocaklı Mahallesi,,İzmir,,114,175
relation_14099868,Bebekler Mahallesi,,İzmir,,83,27
relation_14099869,Dereuzunyer Mahallesi,,İzmir,,58,40
relation_14099870,Günlüce Mahallesi,,İzmir,,636,235
relation_14099904,Dolaylar Mahallesi,,İzmir,,121,84
relation_14099905,Çağlayan Mahallesi,,İzmir,,66,34
relation_14099906,Mursallı Mahallesi,,İzmir,,150,45
relation_14099907,Gölcük Mahallesi,,İzmir,,1232,2544
relation_14099938,Ertuğrul Mahallesi,,İzmir,,566,1171
relation_14099939,Yolüstü Mahallesi,,İzmir,,407,481
relation_14099944,Oğuzlar Mahallesi,,İzmir,,33,45
relation_14099959,Hacıhasan Mahallesi,,İzmir,,125,43
relation_14099960,Beyazıtlar Mahallesi,,İzmir,,86,71
relation_14099989,Küçükavulcuk Mahallesi,,İzmir,,170,175
relation_14099990,Büyükavulcuk Mahallesi,,İzmir,,88,117
relation_14099991,Gereli Mahallesi,,İzmir,,252,396
relation_14099992,Gerçekli Mahallesi,,İzmir,,152,231
relation_14099993,Kışla Mahallesi,,İzmir,,53,47
relation_14099994,Türkönü Mahallesi,,İzmir,,152,85
relation_14099995,Kurucuova Mahallesi,,İzmir,,224,362
relation_14099996,Üçkonak Mahallesi,,İzmir,,151,233
relation_14099997,Birgi Mahallesi,,İzmir,,638,683
relation_14100012,Ören Mahallesi,,İzmir,,252,147
relation_14100013,Yeniköy Mahallesi,,İzmir,,63,147
relation_14100034,Haliller Mahallesi,,İzmir,,307,530
relation_14100035,Avunduruk Mahallesi,,İzmir,,36,17
relation_14100036,Kaleköy Mahallesi,,İzmir,,147,150
relation_14100042,Örencik Mahallesi,,İzmir,,336,174
relation_14100077,Mavidere Mahallesi,,İzmir,,305,66
relation_14100079,Karabulu Mahallesi,,İzmir,,116,182
relation_14100080,Mersinlidere Mahallesi,,İzmir,,187,155
relation_14100087,Bahçearası Mahallesi,,İzmir,,136,113
relation_14207986,Işıklar Mahallesi,,İzmir,,576,936
relation_14228343,Alhatlı Mahallesi,,İzmir,,111,89
relation_14228659,Aşağıcuma Mahallesi,,İzmir,,240,162
relation_14228660,Aşağıbey Mahallesi,,İzmir,,281,111
relation_14229109,Okçular Mahallesi,,İzmir,,133,55
relation_14229110,Ayvatlar Mahallesi,,İzmir,,131,65
relation_14229111,Demircidere Mahallesi,,İzmir,,3,115
relation_14245587,Çobanlar Mahallesi,,İzmir,,42,40
relation_14245588,Tırmanlar Mahallesi,,İzmir,,264,119
relation_14245796,Yalnızdam Mahallesi,,İzmir,,39,24
relation_14245797,Muratlar Mahallesi,,İzmir,,37,32
relation_14245798,Çaltıkoru Mahallesi,,İzmir,,31,16
relation_14245799,Çamoba Mahallesi,,İzmir,,49,20
relation_14245800,Durmuşlar Mahallesi,,İzmir,,152,144
relation_14245801,Yukarıcuma Mahallesi,,İzmir,,92,72
relation_14245802,Güneşli Mahallesi,,İzmir,,88,98
relation_14245803,Üçtepe Mahallesi,,İzmir,,55,9
relation_14245804,Yortanlı Mahallesi,,İzmir,,35,15
relation_14245823,Terzihaliller Mahallesi,,İzmir,,115,93
relation_14245824,Hacıhamzalar Mahallesi,,İzmir,,60,82
relation_14245825,Hisarköy Mahallesi,,İzmir,,90,52
relation_14245928,Çamavlu Mahallesi,,İzmir,,124,277
relation_14245929,Çürükbağlar Mahallesi,,İzmir,,86,26
relation_14245930,Kıranlı Mahallesi,,İzmir,,214,68
relation_14245931,Karaveliler Mahallesi,,İzmir,,231,240
relation_14245932,Yukarıbey Mahallesi,,İzmir,,351,408
relation_14245933,Göbeller Mahallesi,,İzmir,,102,142
relation_14245967,Topallar Mahallesi,,İzmir,,104,66
relation_14245968,Yukarıada Mahallesi,,İzmir,,131,118
relation_14245969,Ürkütler Mahallesi,,İzmir,,115,24
relation_14245970,İneşir Mahallesi,,İzmir,,81,25
relation_14245971,Sarıcaoğlu Mahallesi,,İzmir,,69,19
relation_14245973,Yeniler Mahallesi,,İzmir,,72,24
relation_14245974,Dereköy Mahallesi,,İzmir,,104,83
relation_14245975,Eğiller Mahallesi,,İzmir,,84,44
relation_14246041,Gültepe Mahallesi,,İzmir,,12,15
relation_14246042,Katrancı Mahallesi,,İzmir,,80,27
relation_14246043,Karalar Mahallesi,,İzmir,,129,78
relation_14246044,Kırcalar Mahallesi,,İzmir,,58,46
relation_14246045,Halilağalar Mahallesi,,İzmir,,26,27
relation_14246046,İkizler Mahallesi,,İzmir,,74,33
relation_14246047,Oruşlar Mahallesi,,İzmir,,154,134
relation_14246079,Doğancılar Mahallesi,,İzmir,,115,89
relation_14246080,Cevizli Mahallesi,,İzmir,,427,382
relation_14246081,Kibar Mahallesi,,İzmir,,1890,1442
relation_14246082,Taşlıyatak Mahallesi,,İzmir,,140,125
relation_14246083,Olgunlar Mahallesi,,İzmir,,331,467
relation_14246084,İğdeli Mahallesi,,İzmir,,645,238
relation_14246085,Sırımlı Mahallesi,,İzmir,,144,203
relation_14246086,Solaklar Mahallesi,,İzmir,,297,214
relation_14246087,Sarıkaya Mahallesi,,İzmir,,78,54
relation_14246088,Tekbıçaklar Mahallesi,,İzmir,,70,255
relation_17255181,Şakran Hasbi Efendi Mahallesi,,İzmir,,1639,2403
